#OTUId,81.AVd_108,83.AVd_109,85.AVd_110,86.AVd_148,87.AVd_150,88.AVd_154,89.AVd_166,90.AVd_167,92.AVd_170,93.AVd_292,94.AVd_296,95.AVd_298,111.AVd_312,112.AVd_306,113.AVd_307,114.AVd_308,118.AVd_290
OTU_3,21.1433046202036,23.5266604303087,23.143575080149034,0.0,0.061932287365813375,0.009505703422053232,0.03602045962106477,0.02803476310625175,0.006692544505420961,7.657453556864522,16.825203561372803,4.273798262963282,0.01795009872554299,2.6435444644178916,0.0,1.8814003334127174,0.05991611743559017
OTU_4,17.384494909945182,16.922357343311507,15.613898275712677,1.1880707993211024,0.7569501789154969,0.028517110266159697,0.08644910309055544,0.0,0.0,3.48889895786135,1.6056616695837456,3.250494453521369,0.3590019745108598,2.0619646822459554,2.8059572631124543,2.357704215289355,0.019972039145196723
OTU_7,27.825632993996347,30.243217960710943,29.43419114461485,0.008082114281095934,0.0,0.009505703422053232,0.02881636769685181,0.037379684141669006,0.0,0.0,0.0,0.0,0.0,0.010574177857671566,0.010792143319663286,0.0,0.0
OTU_24,11.615766118506917,11.337698783910197,11.437483753574213,1.3901236563485007,0.990916597853014,1.4163498098859315,0.7204091924212953,1.1027006821792356,3.0518002944719584,0.6667098194057868,0.06848793851305075,0.15478545016768425,1.1308562197092085,1.2160304536322302,1.4785236347938702,1.9766611097880449,9.117235869782304
OTU_1,4.045941007569825,4.087932647333957,5.978684689368339,1.5517659419704195,4.727497935590421,0.009505703422053232,6.0874576759599455,7.915148116998411,3.921831080176683,13.541329535892292,10.311239631687085,18.72903947028979,11.900915455035003,13.196573966374114,7.856680336714872,7.096927839961896,24.176153385260633
OTU_30,4.054641955973201,5.612722170252573,5.675418074690235,0.01616422856219187,0.027525461051472612,0.14258555133079848,0.612347813558101,0.5326604990187833,1.345201445589613,0.6926014628778562,0.8827334297237653,0.4815547338550176,1.5257583916711541,0.6027281378872793,0.38851715950787824,0.5596570612050488,0.04993009786299181
OTU_580,1.870703906725833,1.2722170252572498,1.6203101984230137,0.0,0.027525461051472612,0.0,0.007204091924212953,0.0,0.0,0.0,0.08370748040483982,0.008599191675982458,0.19745108598097288,0.010574177857671566,0.05396071659831642,0.011907597046915932,0.0
OTU_36,3.741407813451666,1.8054256314312442,2.0275539381336105,1.7053261133112423,3.4819708230112854,2.6806083650190113,1.1598587997982854,0.897112419400056,2.3892383884352832,1.5017153213800245,2.2829312837683586,2.313182560839281,3.5900197451085982,0.7296182721793381,2.6009065400388516,1.4527268397237438,1.4379868184541642
OTU_68,1.5574697642042983,1.0570626753975678,1.2910493024867862,0.250545542713974,0.08945774841728599,0.10456273764258556,0.1224695627116202,0.15886365760209326,0.18069870164636595,0.3754288303450061,0.11414656418841793,0.07739272508384212,0.1795009872554299,0.07401924500370097,0.09712928987696956,0.13098356751607526,1.7575394447773118
OTU_88,0.8613938919342208,0.7577174929840973,0.8491465210986916,0.08082114281095935,0.13762730525736305,0.0,0.22332684965060154,0.21493318381459678,0.20077633516262883,0.11003948475629491,0.030439083783578114,0.03439676670392983,0.48465266558966075,0.1903352014380882,0.09712928987696956,0.25005953798523456,0.9886159376872379
OTU_22,1.4878621769772906,1.3751169317118803,0.9791179273893077,0.008082114281095934,0.09633911368015415,0.019011406844106463,0.0,0.009344921035417252,0.006692544505420961,0.02589164347206939,0.030439083783578114,0.09459110843580704,1.3642075031412673,0.16918684572274506,0.5935678825814806,0.6430102405334603,0.9586578789694428
OTU_28,0.530757852605934,0.5612722170252572,0.35525517719435057,0.08890325709205528,0.0,0.028517110266159697,0.07204091924212953,0.08410428931875526,0.1539285236246821,0.05825619781215613,0.022829312837683587,0.03439676670392983,0.01795009872554299,0.021148355715343133,0.0,0.0357227911407478,0.27960854803275415
OTU_210,0.4089445749586705,0.2245088868101029,0.1992894896456113,0.0,0.0,0.0,0.0,0.0,0.0,0.02589164347206939,0.0,0.0,0.0,0.0,0.0,0.0,0.0
OTU_102,0.44374836857217437,0.25257249766136575,0.2252837709037345,0.04849268568657561,0.013762730525736306,0.19961977186311788,0.03602045962106477,0.06541444724792075,0.046847811537946725,0.038837465208104084,0.0,0.0,0.01795009872554299,0.08459342286137253,0.03237642995898986,0.023815194093831864,0.14979029358897544
OTU_148,0.11311232924388759,0.16838166510757718,0.11264188545186725,0.0,0.0,0.0,0.0,0.0,0.0,0.0,0.0,0.0,0.0,0.0,0.0,0.0,0.15977631316157379
OTU_5,0.0,0.0,0.07798284377436963,0.04041057140547968,0.10322047894302229,0.4847908745247148,3.9190260067718463,6.205027567517054,13.043769241065453,3.314130364424882,6.316109885092459,6.698770315590335,0.7898043439238915,2.09368721581897,1.2410964817612777,6.572993569897594,2.836029558617935
OTU_32,0.06960758722700774,0.0,0.05198856251624642,0.1373959427786309,0.8326451968070465,0.07604562737642585,3.0113104243210143,3.139893467900196,6.05675277740597,0.7961680367661337,0.3652690054029374,0.26657494195545617,0.4308023694130318,0.05287088928835783,0.18346643643427585,0.17861395570373897,0.009986019572598362
OTU_572,0.4872531105890542,0.4303086997193639,0.4159085001299714,0.0,0.0,0.0,0.0,0.0,0.0,0.0,0.022829312837683587,0.0,0.03590019745108598,0.0,0.0,0.023815194093831864,0.0
OTU_23,0.0,0.018709073900841908,0.02599428125812321,5.988846682292087,4.927057528213598,1.2072243346007605,1.7505943375837476,3.1492383889356135,2.242002409316022,0.0,0.0,0.017198383351964917,0.39490217196194577,0.30665115787247543,0.03237642995898986,0.535841867111217,12.572398641901339
OTU_14,0.008700948403375968,0.009354536950420954,0.034659041677497615,1.72957245615453,2.5392237819983485,2.0152091254752853,7.838052013543693,15.409774787403046,6.712622138937224,0.6990743737458736,9.146944676965223,8.289620775647089,0.8616047388260636,0.7719149836100243,0.4316857327865314,1.6908787806620624,0.019972039145196723
OTU_596,0.0,0.0,0.017329520838748808,0.0,0.0,0.0,1.4480224767668035,2.2988505747126435,1.0641145763619329,1.1651239562431226,0.4946351114831444,0.5933442256427895,0.07180039490217197,0.10574177857671566,0.10792143319663285,0.16670635865682304,0.0
OTU_19,0.0,0.0,0.02599428125812321,0.26670977127616585,0.08257638315441784,0.0,2.773575390821987,1.270909260816746,0.174006157140945,2.252572982070037,2.9906399817365497,2.2013930690515093,0.2513013821576019,0.32779951358781856,0.043168573278653144,0.13098356751607526,0.0
OTU_156,0.0,0.0,0.02599428125812321,0.4121878283358927,0.04128819157720892,0.0,1.822635256825877,3.1212036258293616,0.174006157140945,0.0,0.0,0.0,0.16155088852988692,0.05287088928835783,0.0,0.09526077637532746,0.0
OTU_64,0.0,0.0,0.02599428125812321,0.0,0.0,0.0,1.3543692817520352,0.8877674983646389,3.3730424307321645,0.0,0.0,0.0,0.0,0.0,0.010792143319663286,0.0,0.0
OTU_39,0.0,0.0,0.02599428125812321,0.3313666855249333,0.2477291494632535,0.0,0.8933073986024062,2.766096626483506,0.9369562307589345,0.0,0.9740506810744997,0.7481296758104738,0.0,0.3489478693031617,0.09712928987696956,0.23815194093831865,0.0
OTU_439,0.04350474201687984,0.08419083255378859,0.07798284377436963,0.0,0.0,0.0,0.0,0.0,0.0,0.0,0.0,0.0,0.0,0.021148355715343133,0.0,0.011907597046915932,0.0
OTU_118,0.0,0.0,0.008664760419374404,0.008082114281095934,0.2614918799889898,0.0,1.1958792594193501,2.7847864685543406,1.2515058225137197,0.0,0.0,0.0,0.12565069107880095,0.0,0.12950571983595943,0.0,0.0
OTU_1331,0.0,0.0,0.017329520838748808,4.3077669118241335,6.041838700798238,0.0,10.402708738563504,3.6818988879543966,3.091955561504484,0.0,0.0,0.0,1.5078082929456111,0.41239293644919106,0.2913878696309087,0.3691355084543939,0.009986019572598362
OTU_35,0.0,0.0,0.008664760419374404,0.5738301139578114,1.169832094687586,0.8079847908745247,2.9536776889273106,5.765816278852443,2.569937090081649,0.18771441517250306,3.2037135682215965,2.9581219365379656,0.2692514808831449,0.2855028021571323,0.25901143967191886,0.70254822576804,0.009986019572598362
OTU_73,0.0,0.0,0.017329520838748808,0.03232845712438374,0.22708505367464904,0.1520912547528517,0.763633743966573,0.6447995514437903,1.2448132780082988,0.0,0.0,0.0,0.0,0.0,0.0,0.011907597046915932,0.0
OTU_13,0.026102845210127904,0.0,0.017329520838748808,6.6030873676553785,1.6515276630883566,5.095057034220532,0.0,0.0,0.0,25.0372192374911,6.422646678334982,4.488778054862843,1.0052055286304076,0.24320609072644603,2.1368443772933303,1.8337699452250535,0.019972039145196723
OTU_27,0.0,0.0,0.008664760419374404,0.2747918855572618,0.5229837599779796,0.8745247148288974,1.0878178805561558,0.9251471825063078,0.4082452148306786,0.8350055019742378,0.2359028993227304,0.31817009201135094,0.053850296176628974,0.4969863593105636,0.20505072307360242,0.20242914979757085,0.0
OTU_57,0.11311232924388759,0.0,0.008664760419374404,1.8265578275276813,0.24084778420038536,0.0,0.5979396297096751,0.448556209700028,0.36808994779815285,0.0,0.4718057986454608,0.3353684753633158,0.6282534553940047,0.4546896478798773,0.18346643643427585,0.16670635865682304,0.009986019572598362
OTU_289,0.0,0.009354536950420954,0.008664760419374404,0.024246342843287805,0.013762730525736306,0.94106463878327,0.1224695627116202,0.4579011307354453,0.8767233302101459,0.05825619781215613,0.0,0.03439676670392983,0.14360078980434393,0.17976102358041662,0.19425857975393912,0.15479876160990713,0.0
OTU_1063,0.0,0.0,0.008664760419374404,0.03232845712438374,0.28213597577759425,1.0836501901140685,2.442187162308191,0.7943182880104663,1.4991299692142952,0.5760890672535439,2.275321512822464,3.9040330208960357,1.1847065158858374,0.6978957386063234,0.48564644938484786,0.1428911645629912,0.0
OTU_99,0.0,0.0,0.008664760419374404,0.0,0.006881365262868153,0.0,0.9437360420718969,2.7006821792355855,5.253647436755454,0.006472910868017347,0.0,0.0,0.0,0.0,0.0,0.0,0.0
OTU_15,0.017401896806751936,0.0,0.008664760419374404,0.8405398852339772,0.34406826314340766,0.11406844106463879,1.51285930408472,2.3642650219605645,1.7065988488823451,1.139232312771053,0.8675138878319762,0.9631094677100352,0.46670256686411776,0.6767473828909802,0.7122814590977768,0.7978090021433675,2.087078090673058
OTU_52,0.0,0.0,0.008664760419374404,0.29095611411945366,0.11010184420589045,1.3783269961977187,0.0,0.0,0.0,0.0,0.007609770945894529,0.0,0.0,0.0,0.0,0.0,0.0
OTU_12,0.0,0.009354536950420954,0.017329520838748808,4.954336054311808,7.0946875860170655,0.0,13.651754196383546,4.597701149425287,3.1388033730424305,0.0,0.0,0.0,2.082211452162987,0.4335412921645342,0.4208935894668681,0.7739938080495357,0.0
OTU_334,0.06090663882363177,0.0,0.008664760419374404,2.46504485573426,1.1354252683732453,0.2661596958174905,0.23773503349902744,0.20558826277917952,0.2944719582385223,1.4758236779079552,1.2936610608020698,1.1178949178777196,1.7950098725542991,0.9305276514750979,1.0900064752859917,1.4646344367706596,1.8374276013580986
OTU_10,0.0,0.009354536950420954,0.008664760419374404,4.0572213691101595,7.796586842829617,9.277566539923955,4.41610834954254,0.0,6.277606746084861,1.1457052236390706,0.08370748040483982,1.2640811763694213,0.2154011847065159,0.35952204716083325,0.12950571983595943,0.011907597046915932,0.039944078290393446
OTU_56,0.0,0.0,0.008664760419374404,0.0,0.006881365262868153,0.0,1.8802679922195806,0.02803476310625175,0.43501539285236246,0.0,0.09131725135073435,0.0601943417318772,0.01795009872554299,0.27492862429946074,0.010792143319663286,0.0,1.4280007988815657
OTU_80,0.0,0.009354536950420954,0.008664760419374404,0.0,0.0,0.0,0.6411641812549528,0.9905616297542286,1.7400615714094498,0.006472910868017347,0.03804885472947264,0.04299595837991229,0.0,0.6450248493179656,0.03237642995898986,0.0,0.009986019572598362
OTU_6,0.008700948403375968,0.0,0.008664760419374404,1.2123171421643901,0.37159372419488024,20.731939163498097,0.0,0.018689842070834503,0.0,3.5924655317496277,1.4306369378281714,3.061312236649755,3.0515167833423082,1.903352014380882,2.115260090654004,1.4765420338175756,0.22967845016976232
OTU_111,0.0,0.0,0.008664760419374404,0.4445162854602764,0.07569501789154968,0.0,2.118003025718608,2.3549201009251473,1.7601392049257127,0.0,0.0,0.0,0.0,0.0,0.0,0.0,0.0
OTU_41,0.0,0.0,0.008664760419374404,1.0264285136991838,2.2777319020093585,2.8041825095057034,1.239103810964628,0.009344921035417252,1.726676482398608,0.3106997216648327,0.007609770945894529,0.45575715882707024,0.10770059235325795,0.042296711430686265,0.043168573278653144,0.0,0.0
OTU_40,0.008700948403375968,0.0,0.008664760419374404,0.6950618281742503,1.128543903110377,0.0,0.461061883149629,0.6261097093729558,1.5125150582251372,0.8220596802382031,1.2860512898561753,0.14618625849170178,1.7232094776521272,0.8882309400444115,0.2913878696309087,0.70254822576804,3.6249251048532054
OTU_26,0.0,0.009354536950420954,0.008664760419374404,0.864786228077265,1.3556289567850262,0.655893536121673,0.7204091924212953,2.1026072329688814,0.5621737384553608,0.0,1.6056616695837456,1.8402270186602459,2.369413031771675,2.220577350111029,0.9281243254910425,1.6551559895213146,3.2554423806670663
OTU_515,0.017401896806751936,0.0,0.008664760419374404,1.0345106279802796,0.63308560418387,1.5684410646387832,0.0,0.0,0.0,0.5048870477053531,0.0532683966212617,0.1203886834637544,1.0770059235325795,0.7824891614676959,0.3561407295488884,0.9764229578471064,0.009986019572598362
OTU_103,0.0,0.009354536950420954,0.008664760419374404,0.36369514264931707,0.2546105147261217,0.04752851711026616,0.8933073986024062,5.522848331931595,0.05354035604336769,0.0,0.3728787763488319,0.3353684753633158,0.03590019745108598,0.7719149836100243,0.021584286639326572,0.523934270064301,0.019972039145196723
OTU_209,0.0,0.0,0.008664760419374404,0.0,0.013762730525736306,0.009505703422053232,0.03602045962106477,0.112139052425007,0.033462722527104805,0.006472910868017347,0.0,0.0,0.10770059235325795,0.0,0.021584286639326572,0.04763038818766373,0.07988815658078689
OTU_101,0.0,0.0,0.0,0.250545542713974,0.3509496284062758,0.1806083650190114,0.2449391254232404,0.37379684141669,1.218043099986615,0.006472910868017347,0.007609770945894529,0.008599191675982458,0.9334051337282355,0.6555990271756371,0.24821929635225556,0.6311026434865444,0.48931495905731975
OTU_72,0.0,0.009354536950420954,0.0,0.0,0.006881365262868153,0.0,1.534471579857359,0.34576207831043826,1.8069870164636594,0.3301184542688847,0.4337569439159881,0.507352308882965,0.10770059235325795,0.2114835571534313,0.0,0.0714455822814956,0.0
OTU_45,0.008700948403375968,0.0,0.0,0.33944879980602927,0.14450867052023122,0.009505703422053232,0.10085728693898134,0.07475936828333801,0.38816758131441575,0.8414784128422551,0.25112244121451943,0.17198383351964916,2.7643152037336205,0.6661732050333087,1.0792143319663285,0.7501786139557037,0.0
OTU_700,0.017401896806751936,0.009354536950420954,0.0,0.15356017134082275,0.5367464905037159,0.0,2.8023917585188385,2.083917390898047,0.23423905768973363,0.0,0.0,0.008599191675982458,0.19745108598097288,0.44411547002220575,0.48564644938484786,0.70254822576804,0.009986019572598362
OTU_63,0.03480379361350387,0.0,0.0,0.7678008567041138,0.5573905862923204,0.2946768060836502,2.636697644261941,1.7194654705167742,3.634051666443582,0.7508576606900123,0.28156152499809756,0.3697652420672457,0.8436546401005206,0.5710056043142646,0.7122814590977768,0.6549178375803762,0.09986019572598362
OTU_51,0.0,0.0,0.0,0.0,0.006881365262868153,0.009505703422053232,1.5200633960089331,0.8223530511167181,3.1856511845803777,0.4789954042332837,0.007609770945894529,0.0,0.19745108598097288,0.08459342286137253,0.05396071659831642,0.1905215527506549,0.009986019572598362
OTU_113,0.0,0.0,0.0,0.07273902852986341,0.04816955684007707,0.0,0.612347813558101,0.5700401831604522,0.5487886494445188,0.012945821736034695,0.0,0.03439676670392983,0.07180039490217197,0.042296711430686265,0.010792143319663286,0.011907597046915932,0.0
OTU_514,0.0,0.0,0.0,0.0,0.0,0.0,1.7938188891290252,1.59798149705635,1.1778878329540892,0.8220596802382031,0.7457575526976638,0.7911256341903861,0.053850296176628974,0.010574177857671566,0.0,0.023815194093831864,0.0
OTU_201,0.0,0.0,0.0,0.0,0.0,0.0,0.08644910309055544,0.21493318381459678,0.2743943247222594,0.0,0.0,0.0,0.0,0.0,0.0,0.0,0.0
OTU_38,0.017401896806751936,0.009354536950420954,0.0,0.9375252566071284,0.7982383704927057,0.27566539923954375,0.9869605936171746,0.5046257359125316,0.4952482934011511,0.6278723541976827,0.09131725135073435,0.15478545016768425,0.32310177705977383,0.16918684572274506,0.2805957263112454,0.3929507025482258,2.6662672258837627
OTU_115,0.0,0.0,0.0,0.2343813141517821,0.1169832094687586,0.028517110266159697,0.7780419278149989,1.2522194187459117,0.5889439164770446,0.0,0.517464424320828,1.5134577349729126,0.10770059235325795,0.10574177857671566,0.08633714655730629,0.15479876160990713,0.2396644697423607
OTU_71,0.09571043243713565,0.0,0.0,0.10506748565424714,0.1169832094687586,0.0,0.22332684965060154,0.42986636762919356,0.2409316021951546,1.022719917146741,1.0120995358039724,1.3672714764812108,0.7000538502961766,0.8565084064713968,0.528815022663501,0.893069778518695,0.0
OTU_141,0.0,0.009354536950420954,0.0,0.08890325709205528,0.17891549683457197,0.24714828897338403,0.15128593040847202,0.16820857863751051,0.10038816758131441,0.0,0.07609770945894528,0.1805830251956316,0.053850296176628974,0.042296711430686265,0.0,0.0,0.0
OTU_144,0.0,0.0,0.0,0.0,0.006881365262868153,0.0,0.9653483178445357,0.4579011307354453,0.4617855708740463,0.0,0.0,0.0,0.03590019745108598,0.0,0.0,0.0,0.0
OTU_513,0.03480379361350387,0.0,0.0,0.11314959993534308,0.02064409578860446,0.009505703422053232,0.34579641236222175,0.5046257359125316,0.32124213626020615,0.0,0.007609770945894529,0.0,0.053850296176628974,0.0,0.0,0.0,0.0
OTU_200,0.008700948403375968,0.0,0.0,0.5899943425200033,0.1926782273603083,0.0,0.2161227577263886,0.37379684141669,0.6692544505420961,0.006472910868017347,0.25112244121451943,0.08599191675982458,0.19745108598097288,0.27492862429946074,0.32376429958989855,0.523934270064301,3.2354703415218693
OTU_42,0.008700948403375968,0.009354536950420954,0.0,0.06465691424876747,0.03440682631434076,2.671102661596958,0.15128593040847202,0.07475936828333801,0.3279346807656271,0.006472910868017347,0.0,0.008599191675982458,1.2565069107880094,0.05287088928835783,0.18346643643427585,0.3810431055013098,4.473736768524066
OTU_195,0.0,0.0,0.0,0.250545542713974,0.17203413157170383,0.12357414448669202,0.2593473092716663,0.186898420708345,0.6558693615312542,0.0,0.258732212160414,0.21497979189956143,0.48465266558966075,0.32779951358781856,0.7122814590977768,0.6787330316742082,0.05991611743559017
OTU_206,0.0,0.0,0.0,0.06465691424876747,0.07569501789154968,0.04752851711026616,0.0,0.06541444724792075,0.2810868692276804,0.12945821736034696,0.06848793851305075,0.06879353340785967,0.01795009872554299,0.11631595643438723,0.17267429311461258,0.0714455822814956,0.0
OTU_121,0.0,0.0,0.0,0.0,0.0,0.0,0.22332684965060154,0.15886365760209326,0.5621737384553608,0.06472910868017348,0.022829312837683587,0.04299595837991229,0.053850296176628974,0.06344506714602939,0.0,0.04763038818766373,1.7275813860595166
OTU_187,0.008700948403375968,0.0,0.0,0.0,0.0,0.0,0.09365319501476839,0.037379684141669006,0.09369562307589345,0.05178328694413878,0.04565862567536717,0.03439676670392983,0.19745108598097288,0.27492862429946074,0.17267429311461258,0.2976899261728983,0.0
OTU_94,0.0,0.0,0.0,0.19397074274630244,0.5298651252408478,0.0,0.02161227577263886,0.037379684141669006,0.046847811537946725,0.07767493041620817,0.15219541891789057,0.025797575027947373,0.1795009872554299,0.8142116950407106,0.03237642995898986,0.3334127173136461,0.0
OTU_188,0.008700948403375968,0.0,0.0,0.05657479996767154,0.02064409578860446,0.0,0.20171457387796268,0.28969255209793476,0.35470485878731095,0.14240403909638163,0.09131725135073435,0.10319030011178949,0.07180039490217197,0.0951676007190441,0.0,0.0714455822814956,0.0
OTU_49,0.0,0.0,0.0,0.05657479996767154,0.12386457473162675,0.0,0.5403068943159715,0.037379684141669006,0.5019408379065721,2.530908149394783,0.44897648580777716,1.2554819846934389,0.01795009872554299,0.4969863593105636,0.24821929635225556,0.2619671350321505,0.9087277811064509
OTU_137,0.0,0.0,0.0,0.008082114281095934,0.04128819157720892,0.0,0.2809595850443052,0.16820857863751051,0.11377325659215634,0.09062075215224287,0.06087816756715623,0.0,0.0,0.021148355715343133,0.0,0.023815194093831864,0.21969243059716398
OTU_305,0.0,0.0,0.0,0.12123171421643902,0.061932287365813375,0.09505703422053231,0.06483682731791658,0.06541444724792075,0.06023290054878865,0.038837465208104084,0.007609770945894529,0.051595150055894747,0.08975049362771495,0.021148355715343133,0.010792143319663286,0.011907597046915932,0.7189934092270821
OTU_172,0.0,0.0,0.0,0.04041057140547968,0.14450867052023122,0.16159695817490494,0.10085728693898134,0.08410428931875526,0.11377325659215634,0.0,0.8294650331025036,1.1608908762576318,0.0,0.0,0.0,0.0,0.0
OTU_54,0.0,0.009354536950420954,0.0,0.2828739998383577,0.3509496284062758,0.0,0.0,0.0,0.0,0.0,0.0532683966212617,0.20638060022357899,2.082211452162987,2.0408163265306123,2.7196201165551477,3.1197904262919742,0.019972039145196723
OTU_66,0.017401896806751936,0.0,0.0,1.0183463994180877,0.2477291494632535,0.0,0.0,0.0,0.0,0.7573305715580296,1.468685792557644,1.1436924929056669,0.0,0.0,0.0,0.0,0.0
OTU_132,0.017401896806751936,0.0,0.0,0.29095611411945366,0.24084778420038536,0.25665399239543724,0.48267415892226784,0.4579011307354453,0.3814750368089948,0.0,0.25112244121451943,0.11178949178777195,0.2513013821576019,0.1586126678650735,0.226635009712929,0.3334127173136461,0.009986019572598362
OTU_34,0.0,0.0,0.0,1.6810797704679543,0.4266446462978255,0.0,0.0,0.009344921035417252,0.10708071208673538,0.03236455434008674,0.07609770945894528,0.017198383351964917,0.0,0.021148355715343133,0.010792143319663286,0.023815194093831864,0.029958058717795086
OTU_133,0.0,0.0,0.0,0.4445162854602764,0.09633911368015415,0.0,0.0,0.0,0.0,0.0,0.22068335743094133,0.24937655860349128,0.41285227068748875,0.042296711430686265,0.32376429958989855,0.4048582995951417,0.009986019572598362
OTU_2,0.0,0.0,0.0,12.494948678574316,10.975777594274705,0.0,0.0,0.0,0.0,0.0,0.0,0.0,1.615508885298869,8.882309400444116,8.223613209583423,8.180519171231246,0.7090073896544837
OTU_79,0.0,0.0,0.0,0.6627333710498666,0.2339664189375172,0.0,0.0,0.0,0.0,0.8026409476341511,0.3196103797275702,0.3095709003353685,0.4487524681385748,0.7930633393253674,0.5180228793438377,0.6072874493927125,0.0
OTU_91,0.026102845210127904,0.0,0.0,0.0,0.0,0.009505703422053232,0.0,0.0,0.026770178021683844,0.006472910868017347,0.015219541891789057,0.0,0.0,0.0,0.0,0.0,0.0
OTU_9,0.0,0.0,0.0,9.916754222904713,12.255711533168181,10.846007604562738,0.0,0.009344921035417252,0.0,0.0,0.007609770945894529,0.008599191675982458,5.438879913839526,7.5816855239505125,4.1873516080293545,5.167897118361514,0.16976233273417216
OTU_74,0.008700948403375968,0.0,0.0,0.008082114281095934,0.013762730525736306,0.0,0.06483682731791658,0.07475936828333801,0.026770178021683844,0.0,0.4946351114831444,0.19778140854759652,0.8616047388260636,0.30665115787247543,0.32376429958989855,0.023815194093831864,0.0
OTU_304,0.0,0.0,0.0,0.01616422856219187,0.0,0.0,0.0,0.0,0.04015526703252577,0.019418732604052042,0.04565862567536717,0.07739272508384212,0.0,0.0,0.0,0.0,0.0
OTU_347,0.0,0.0,0.0,0.0,0.0,0.0,0.0,0.0,0.0,0.05178328694413878,0.1826345027014687,0.051595150055894747,0.0,0.031722533573014695,0.0,0.011907597046915932,0.0
OTU_87,0.008700948403375968,0.0,0.0,0.250545542713974,0.08945774841728599,0.4752851711026616,0.0,0.0,0.0,0.0,0.0,0.0,0.0,0.0,0.0,0.0,0.009986019572598362
OTU_11,0.0,0.0,0.0,0.04041057140547968,0.0,0.0,0.0,0.0,0.0,0.0,0.0,0.0,1.2744570095135523,0.8459342286137252,1.4137707748758903,0.3810431055013098,0.039944078290393446
OTU_50,0.0,0.0,0.0,0.5657479996767154,0.3371868978805395,0.0,0.0,0.0,0.0,0.6796556411418215,0.5098546533749334,0.5589474589388598,0.23335128343205888,0.5921539600296077,0.6799050291387869,0.8335317932841153,0.039944078290393446
OTU_104,0.0,0.0,0.0,0.0,0.0,0.009505703422053232,0.0,0.0,0.0,0.0,0.0,0.0,2.028361155986358,0.27492862429946074,0.0,0.45248868778280543,0.0
OTU_177,0.0,0.0,0.0,0.04849268568657561,0.09633911368015415,0.0,0.014408183848425906,0.0,0.026770178021683844,1.0550844714868277,0.5022448824290389,0.40416200877117553,0.08975049362771495,0.06344506714602939,0.11871357651629613,0.17861395570373897,0.0
OTU_1844,0.0,0.0,0.0,0.04849268568657561,0.006881365262868153,0.0,0.0,0.0,0.0,0.6343452650657,0.06087816756715623,0.15478545016768425,0.5564530604918327,0.13746431214973037,0.37772501618821497,0.2619671350321505,0.009986019572598362
OTU_327,0.0,0.0,0.0,0.03232845712438374,0.0,0.0,0.11526547078740725,0.27100271002710025,0.0,0.0,0.022829312837683587,0.07739272508384212,0.8975049362771496,0.29607698001480387,0.1402978631556227,0.45248868778280543,0.009986019572598362
OTU_674,0.0,0.0,0.0,0.0,0.08257638315441784,0.0,0.0,0.009344921035417252,0.0,0.0,0.4794155695913553,1.3070771347493335,0.01795009872554299,0.0,0.03237642995898986,0.011907597046915932,0.0
OTU_204,0.0,0.0,0.0,0.5819122282389073,0.1926782273603083,0.0,0.0,0.0,0.0,0.0,0.12175633513431246,0.1633846418436667,0.6282534553940047,0.30665115787247543,0.23742715303259226,0.2976899261728983,0.0
OTU_92,0.0,0.0,0.0,0.622322799644387,0.08257638315441784,1.0361216730038023,0.0,0.0,0.0,0.0,0.0,0.0,0.0,0.0,0.0,0.0,0.0
OTU_77,0.026102845210127904,0.018709073900841908,0.0,0.08890325709205528,0.06881365262868153,0.057034220532319393,0.0,0.0,0.0,0.1229853064923296,0.06087816756715623,0.051595150055894747,0.2513013821576019,0.24320609072644603,0.32376429958989855,0.45248868778280543,0.009986019572598362
OTU_8,0.0,0.0,0.0,3.1924351410328944,4.13570052298376,9.534220532319392,0.0,0.0,0.006692544505420961,0.0,0.0,0.0,4.451624483934662,5.149624616686053,3.216058709259659,5.1559895213145985,0.1897343718793689
OTU_233,0.0,0.0,0.0,0.0,0.0,0.0,0.0,0.0,0.0,0.0,0.0532683966212617,0.04299595837991229,0.0,0.0,0.0,0.011907597046915932,0.019972039145196723
OTU_48,0.017401896806751936,0.0,0.0,0.6304049139254829,0.6193228736581338,0.7889733840304183,0.007204091924212953,0.0,0.0,0.31717263253285,0.3652690054029374,0.6535385673746668,2.046311254711901,0.46526382573754893,0.9173321821713792,1.0121457489878543,0.06990213700818854
OTU_208,0.0,0.0,0.0,0.0,0.0,0.07604562737642585,0.0,0.0,0.0,0.0,0.0,0.0,0.2513013821576019,0.24320609072644603,0.3129721562702353,0.6072874493927125,0.0
OTU_31,0.0,0.0,0.0,1.1314959993534308,0.853289292595651,0.0,0.0,0.0,0.0,0.6472910868017347,0.5555132790503006,1.5736520767047897,1.2924071082390953,4.1450777202072535,4.047053744873732,4.048582995951417,0.06990213700818854
OTU_29,0.0,0.02806361085126286,0.0,0.008082114281095934,0.0,0.0,0.007204091924212953,0.0,0.0,5.6508511877791445,3.5918118864622173,3.07851062000172,0.32310177705977383,0.010574177857671566,0.11871357651629613,0.1905215527506549,0.009986019572598362
OTU_55,0.0,0.0,0.0,0.0,0.0,0.0,0.0,0.0,0.0,0.0,0.0,0.0,0.0,0.0,0.0,0.0,0.0
OTU_16,0.0,0.0,0.0,0.6465691424876748,0.1307459399944949,2.3954372623574143,0.0,0.0,0.0,0.0,0.0,0.0,0.0,0.0,0.0,0.0,0.0
OTU_125,0.0,0.0,0.0,0.0,0.0,0.0,0.0,0.0,0.0,0.0,0.0,0.0,0.0,0.0,0.0,0.0,0.0
OTU_85,0.026102845210127904,0.0,0.0,0.16972439990301463,0.07569501789154968,0.22813688212927757,0.0,0.0,0.0,0.0,0.6848793851305076,0.3697652420672457,0.7359540477472626,0.41239293644919106,0.38851715950787824,0.5477494641581329,0.009986019572598362
OTU_46,0.0,0.0,0.0,0.0,0.0,0.0,0.0,0.0,0.0,0.0,0.0,0.0,0.0,0.0,0.0,0.0,0.0
OTU_105,0.0,0.0,0.0,0.1373959427786309,0.13762730525736305,0.0,0.0,0.0,0.0,0.0,0.0,0.0,0.0,0.0,0.0,0.0,0.019972039145196723
OTU_70,0.0,0.0,0.0,0.0,0.0,0.0,0.0,0.0,0.0,0.0,0.0,0.0,0.8616047388260636,1.0151210743364703,0.302180012950572,0.3810431055013098,0.06990213700818854
OTU_86,0.0,0.0,0.0,0.0,0.0,0.0,0.0,0.0,0.0,0.0,0.0,0.0,0.0,0.0,0.0,0.0,0.0
OTU_654,0.0,0.0,0.0,0.008082114281095934,0.0,0.5893536121673004,0.0,0.0,0.006692544505420961,0.0,0.0,0.0,0.0,0.0,0.0,0.0,0.0
OTU_44,0.0,0.0,0.0,0.0,0.0,0.0,0.0,0.0,0.0,0.0,0.022829312837683587,2.1325995356436493,0.0,0.0,0.0,0.0,0.0
OTU_33,0.0,0.0,0.0,0.0,0.0,0.6653992395437263,0.0,0.0,0.0,0.0,0.0,0.0,0.0,0.0,0.0,0.0,0.0
OTU_130,0.08700948403375967,0.0,0.0,0.008082114281095934,0.006881365262868153,0.0,0.0,0.0,0.0,0.0,0.0,0.0,0.08975049362771495,0.25378026858411756,0.021584286639326572,0.05953798523457966,0.039944078290393446
OTU_90,0.0,0.0,0.0,0.47684474258466014,0.44728874208642994,0.0,0.0,0.0,0.0,0.0,0.0,0.0,0.0,0.0,0.0,0.0,0.0
OTU_100,0.017401896806751936,0.0,0.0,0.03232845712438374,0.03440682631434076,0.0,0.0,0.0,0.0,0.0,0.0,0.0,1.2565069107880094,0.32779951358781856,0.226635009712929,0.30959752321981426,0.0
OTU_78,0.0,0.0,0.0,0.0,0.0,0.0,0.0,0.0,0.0,0.0,0.35765923445704284,0.4471579671510878,0.9872554299048645,0.803637517183039,0.5503993093028275,0.8573469873779471,0.019972039145196723
OTU_361,0.026102845210127904,0.009354536950420954,0.0,0.7920471995474015,0.2546105147261217,0.7224334600760456,0.0,0.0,0.006692544505420961,0.012945821736034695,0.030439083783578114,0.025797575027947373,2.028361155986358,0.7613408057523527,0.8094107489747464,1.2979280781138367,0.019972039145196723
OTU_107,0.0,0.0,0.0,0.09698537137315122,0.04816955684007707,0.3612167300380228,0.007204091924212953,0.0,0.006692544505420961,0.0,0.8218552621566091,1.9606157021240003,0.07180039490217197,0.042296711430686265,0.06475285991797972,0.16670635865682304,0.009986019572598362
OTU_89,0.0,0.0,0.0,0.5980764568010992,0.24084778420038536,0.0,0.0,0.0,0.0,0.0,0.0,0.0,0.0,0.0,0.0,0.0,0.0
OTU_69,0.0,0.0,0.0,0.17780651418411056,0.24084778420038536,0.0,0.0,0.0,0.0,0.0,0.0,0.0,0.28720157960868786,0.20090937929575975,0.18346643643427585,0.22624434389140272,0.009986019572598362
OTU_193,0.0,0.0,0.0,0.04041057140547968,0.027525461051472612,0.057034220532319393,0.0,0.0,0.0,0.0,0.09131725135073435,0.051595150055894747,0.16155088852988692,0.14803849000740193,0.16188214979494928,0.22624434389140272,0.009986019572598362
OTU_119,0.017401896806751936,0.0,0.0,0.0,0.0,0.0,0.0,0.0,0.0,0.08414784128422552,0.07609770945894528,0.051595150055894747,0.41285227068748875,0.4335412921645342,0.12950571983595943,0.2619671350321505,0.0
OTU_160,0.0,0.0,0.0,0.0,0.0,0.0,0.0,0.0,0.0,0.0,0.0,0.0,0.0,0.010574177857671566,0.06475285991797972,0.23815194093831865,0.0
OTU_149,0.0,0.0,0.0,0.0,0.0,0.0,0.0,0.0,0.0,0.0,0.0,0.0,0.0,0.0,0.0,0.0,0.0
OTU_65,0.0,0.0,0.0,0.0,0.006881365262868153,0.07604562737642585,0.0,0.0,0.0,0.0,0.0,0.0,0.0,0.0,0.0,0.0,0.0
OTU_62,0.0,0.0,0.0,0.08082114281095935,0.006881365262868153,0.0,0.0,0.0,0.0,0.0,0.0,0.0,0.01795009872554299,0.0,0.0,0.0,0.0
OTU_18,0.0,0.0,0.0,0.0,0.0,0.40874524714828897,0.0,0.0,0.0,0.0,0.0,0.0,1.2744570095135523,5.202495505974411,5.018346643643428,4.572517266015718,0.5592170960655083
OTU_67,0.0,0.0,0.0,1.3901236563485007,0.35783099366914395,2.9372623574144487,0.0,0.009344921035417252,0.0,0.0,0.0,0.017198383351964917,0.0,0.0,0.0,0.0,0.0
OTU_476,0.0,0.0,0.0,0.0,0.0,0.0,0.0,0.0,0.0,0.0,0.0,0.0,0.0,0.0,0.0,0.0,0.0
OTU_58,0.0,0.0,0.0,0.05657479996767154,0.02064409578860446,0.7604562737642585,0.0,0.009344921035417252,0.0,0.019418732604052042,0.007609770945894529,0.0,0.6821037515706336,1.046843607909485,0.9389164688107058,1.1312217194570136,0.0
OTU_75,0.0,0.0,0.0,0.493008971146852,0.41288191577208916,0.0,0.0,0.0,0.0,0.0,0.0,0.0,0.19745108598097288,0.3383736914454901,0.37772501618821497,0.16670635865682304,0.0
OTU_124,0.017401896806751936,0.0,0.0,0.05657479996767154,0.055050922102945224,0.0,0.0,0.0,0.0,0.0,0.06848793851305075,0.06879353340785967,0.1795009872554299,0.1586126678650735,0.18346643643427585,0.15479876160990713,0.009986019572598362
OTU_83,0.04350474201687984,0.0,0.0,0.0,0.0,0.0,0.0,0.0,0.0,0.0,0.0,0.0,0.0,0.0,0.0,0.0,0.029958058717795086
OTU_110,0.0,0.0,0.0,0.008082114281095934,0.0,0.0,0.0,0.0,0.0,0.0,0.0,0.0,0.0,0.0,0.0,0.0,0.019972039145196723
OTU_117,0.0,0.0,0.0,0.05657479996767154,0.055050922102945224,0.009505703422053232,0.0,0.0,0.0,0.0,0.022829312837683587,0.051595150055894747,0.0,0.05287088928835783,0.010792143319663286,0.0,0.0
OTU_126,0.0,0.0,0.0,0.250545542713974,0.11010184420589045,0.5513307984790875,0.0,0.0,0.006692544505420961,0.0,0.0,0.0,0.0,0.0,0.0,0.0,0.0
OTU_147,0.008700948403375968,0.0,0.0,0.0,0.0,0.0,0.0,0.0,0.0,0.0,0.0,0.0,0.0,0.0,0.0,0.0,0.0
OTU_114,0.0,0.0,0.0,0.0,0.0,0.0,0.0,0.0,0.0,0.0,0.0,0.0,0.0,0.0,0.0,0.0,0.0
OTU_131,0.0,0.0,0.0,0.0,0.0,0.0,0.0,0.0,0.0,0.7508576606900123,0.0,0.017198383351964917,0.0,0.0,0.0,0.0,0.0
OTU_182,0.0,0.0,0.0,0.0,0.0,0.0,0.0,0.0,0.0,0.0,0.6696598432387185,1.0233038094419125,0.0,0.042296711430686265,0.10792143319663285,0.09526077637532746,0.0
OTU_20,0.0,0.0,0.0,0.04041057140547968,0.6537296999724745,0.5038022813688213,0.014408183848425906,0.0,0.0,0.0,0.6240012175633514,0.10319030011178949,2.4412134266738468,1.533255789362377,1.6404057845888194,1.5003572279114075,0.039944078290393446
OTU_47,0.017401896806751936,0.0,0.0,0.1373959427786309,0.027525461051472612,0.0,0.0,0.0,0.0,0.0,0.0,0.0,0.0,0.010574177857671566,0.0,0.0,0.009986019572598362
OTU_108,0.0,0.0,0.0,0.12123171421643902,0.02064409578860446,0.0,0.0,0.0,0.0,0.0,0.0,0.0,0.0,0.0,0.0,0.0,0.0
OTU_60,0.017401896806751936,0.0,0.0,0.24246342843287805,0.02064409578860446,1.0551330798479088,0.0,0.0,0.0,0.006472910868017347,0.0,0.0,0.0,0.0,0.0,0.0,0.009986019572598362
OTU_37,0.0,0.0,0.0,0.12931382849753495,0.16515276630883569,0.19011406844106463,0.0,0.0,0.0,0.18771441517250306,0.15219541891789057,0.12898787513973686,0.12565069107880095,0.05287088928835783,0.06475285991797972,0.46439628482972134,0.0
OTU_17,0.0,0.0,0.0,0.08082114281095935,0.9496284062758051,0.8460076045627376,0.0,0.0,0.0,0.0,1.1262460999923902,0.2407773669275088,3.3746185604020824,2.146558105107328,2.341895100366933,1.9885687068349607,0.019972039145196723
OTU_145,0.0,0.0,0.0,0.250545542713974,0.16515276630883569,0.0,0.0,0.0,0.0,0.0,0.0,0.0,0.08975049362771495,0.06344506714602939,0.05396071659831642,0.023815194093831864,0.0
OTU_123,0.0,0.0,0.0,0.0,0.0,0.0,0.0,0.0,0.0,0.0,0.0,0.0,0.0,0.0,0.0,0.0,0.0
OTU_169,0.0,0.0,0.0,0.0,0.0,0.0,0.0,0.0,0.0,0.0,0.6240012175633514,0.45575715882707024,0.10770059235325795,0.2643544464417891,0.1402978631556227,0.10716837342224339,0.0
OTU_155,0.0,0.0,0.0,0.0,0.0,0.09505703422053231,0.0,0.0,0.0,0.0,0.0,0.0,0.0,0.0,0.0,0.0,0.0
OTU_21,0.0,0.0,0.0,0.0,0.0,0.0,0.0,0.0,0.0,0.0,0.0,0.0,0.0,0.0,0.0,0.0,0.0
OTU_167,0.0,0.0,0.0,0.7354723995797301,0.8257638315441783,0.0,0.0,0.0,0.0,3.1781992361965177,0.44136671486188267,0.5761458422908247,0.12565069107880095,0.05287088928835783,0.09712928987696956,0.09526077637532746,0.0
OTU_146,0.017401896806751936,0.0,0.0,0.04041057140547968,0.10322047894302229,0.0,0.0,0.0,0.0,0.5437245129134571,0.35765923445704284,0.4729555421790352,1.2385568120624664,0.4018187585915195,0.7122814590977768,0.7382710169087878,0.009986019572598362
OTU_128,0.017401896806751936,0.0,0.0,0.0,0.0,0.0,0.0,0.0,0.0,0.0,0.0,0.0,0.0,0.0,0.0,0.0,0.0
OTU_116,0.05220569042025581,0.0,0.0,0.04849268568657561,0.09633911368015415,0.38022813688212925,0.007204091924212953,0.009344921035417252,0.0,0.0,0.24351267026862491,0.051595150055894747,0.23335128343205888,0.17976102358041662,0.11871357651629613,0.17861395570373897,0.009986019572598362
OTU_97,0.0,0.0,0.0,0.0,0.0,0.0,0.0,0.0,0.0,0.0,0.0,0.0,0.0,0.0,0.0,0.0,0.0
OTU_179,0.0,0.0,0.0,0.03232845712438374,0.013762730525736306,0.0,0.0,0.0,0.0,0.0,0.0,0.0,0.0,0.0,0.0,0.0,0.0
OTU_379,0.0,0.0,0.0,0.2101349713084943,0.17891549683457197,0.009505703422053232,0.0,0.0,0.0,0.0,0.7533673236435583,1.2296844096654915,0.0,0.08459342286137253,0.043168573278653144,0.1428911645629912,0.0
OTU_139,0.0,0.0,0.0,0.0,0.0,0.0,0.0,0.0,0.0,0.0,0.0,0.0,0.0,0.0,0.0,0.0,0.0
OTU_170,0.0,0.0,0.0,0.0,0.0,0.0,0.0,0.0,0.0,0.0,0.0,0.0,0.0,0.0,0.0,0.0,0.0
OTU_191,0.0,0.0,0.0,0.04041057140547968,0.006881365262868153,0.028517110266159697,0.0,0.0,0.0,0.0,0.0,0.0,0.03590019745108598,0.06344506714602939,0.05396071659831642,0.0714455822814956,0.0
OTU_150,0.0,0.0,0.0,0.0,0.0,0.0,0.0,0.0,0.0,0.0,0.0,0.0,0.0,0.0,0.0,0.0,0.0
OTU_120,0.0,0.0,0.0,0.01616422856219187,0.006881365262868153,0.12357414448669202,0.0,0.0,0.0,0.0,0.007609770945894529,0.0,0.0,0.0,0.0,0.0,0.0
OTU_337,0.0,0.0,0.0,0.09698537137315122,0.12386457473162675,0.0,0.0,0.0,0.0,0.0,0.0,0.008599191675982458,0.03590019745108598,0.6555990271756371,1.3706022015972372,0.21433674684448678,0.0
OTU_282,0.0,0.0,0.0,0.0,0.0,0.0,0.0,0.0,0.0,0.0,0.0,0.0,0.053850296176628974,0.06344506714602939,0.03237642995898986,0.0357227911407478,0.009986019572598362
OTU_168,0.0,0.0,0.0,0.0,0.0,0.0,0.0,0.0,0.0,0.0,0.0,0.0,0.0,0.0,0.0,0.0,0.0
OTU_190,0.0,0.0,0.0,0.03232845712438374,0.006881365262868153,0.07604562737642585,0.0,0.0,0.0,0.0,0.0,0.0,0.0,0.0,0.0,0.0,0.0
OTU_178,0.0,0.0,0.0,0.0,0.0,0.03802281368821293,0.0,0.0,0.0,0.03236455434008674,0.0,0.0,0.0,0.0,0.0,0.0,0.0
OTU_135,0.0,0.0,0.0,0.21821708558959024,0.02064409578860446,0.0,0.0,0.0,0.006692544505420961,0.0,0.0,0.0,0.0,0.0,0.0,0.0,0.0
OTU_301,0.0,0.0,0.0,0.12123171421643902,0.027525461051472612,0.0,0.0,0.0,0.0,0.006472910868017347,0.022829312837683587,0.04299595837991229,0.0,0.0,0.0,0.0,0.0
OTU_109,0.0,0.0,0.0,0.15356017134082275,0.08257638315441784,0.0,0.0,0.0,0.0,0.0,0.0,0.0,1.2206067133369234,0.8353600507560537,0.9497086121303691,0.8335317932841153,0.10984621529858199
OTU_159,0.0,0.0,0.0,0.0,0.0,0.0,0.0,0.0,0.0,0.0,0.0,0.0,0.39490217196194577,0.48641218145289206,0.226635009712929,0.4882114789235532,0.0
OTU_470,0.0,0.0,0.0,0.04041057140547968,0.32342416735480317,1.226235741444867,0.0,0.0,0.0,0.0,0.0,0.0,0.2692514808831449,0.06344506714602939,0.043168573278653144,0.0357227911407478,0.0
OTU_1212,0.0,0.0,0.0,0.0,0.0,0.0,0.007204091924212953,0.0,0.0,0.26538934558871125,0.3196103797275702,0.10319030011178949,0.0,0.08459342286137253,0.0,0.08335317932841152,0.0
OTU_1059,0.0,0.0,0.0,0.0,0.0,0.19011406844106463,0.0,0.0,0.0,0.0,0.0,0.0,0.0,0.0,0.0,0.0,0.0
OTU_220,0.0,0.0,0.0,0.0,0.0,0.0,0.0,0.0,0.0,0.0,0.0,0.0,0.2154011847065159,0.14803849000740193,0.03237642995898986,0.9049773755656109,0.0
OTU_136,0.0,0.0,0.0,0.0,0.0,0.0,0.0,0.0,0.0,0.0,0.0,0.0,0.0,0.0,0.0,0.0,0.0
OTU_165,0.0,0.0,0.0,0.14547805705972683,0.027525461051472612,0.0,0.0,0.0,0.0,0.0,0.0,0.0,0.5385029617662898,0.27492862429946074,0.1402978631556227,0.15479876160990713,0.009986019572598362
OTU_25,0.017401896806751936,0.02806361085126286,0.0,0.0,0.0,0.0,0.0,0.0,0.0,0.0,0.0,0.0,0.0,0.0,0.0,0.0,0.009986019572598362
OTU_157,0.0,0.0,0.0,0.0,0.0,0.0,0.0,0.0,0.0,0.49841413683733576,0.30439083783578114,0.19778140854759652,0.0,0.0,0.0,0.0,0.0
OTU_166,0.0,0.0,0.0,0.0,0.0,0.0,0.0,0.0,0.0,0.0,0.0,0.0,0.01795009872554299,0.06344506714602939,0.05396071659831642,0.011907597046915932,0.0
OTU_181,0.0,0.0,0.0,0.0,0.0,0.0,0.0,0.0,0.0,0.0,0.24351267026862491,0.19778140854759652,0.0,0.0,0.0,0.0,0.0
OTU_237,0.0,0.0,0.0,0.0,0.0,0.12357414448669202,0.0,0.0,0.0,0.0,0.0,0.0,0.0,0.0,0.0,0.0,0.0
OTU_196,0.008700948403375968,0.0,0.0,0.0,0.0,0.0,0.0,0.0,0.0,0.0,0.0,0.0,0.0,0.0,0.0,0.0,0.0
OTU_134,0.008700948403375968,0.0,0.0,0.08890325709205528,0.013762730525736306,0.0,0.0,0.0,0.0,0.0,0.0,0.0,0.2692514808831449,0.44411547002220575,0.20505072307360242,0.11907597046915933,0.06990213700818854
OTU_162,0.0,0.0,0.0,0.0,0.013762730525736306,0.13307984790874525,0.0,0.0,0.0,0.0,0.0,0.0,0.0,0.08459342286137253,0.043168573278653144,0.04763038818766373,0.4993009786299181
OTU_171,0.03480379361350387,0.0,0.0,0.0,0.0,0.0,0.0,0.0,0.0,0.0,0.0,0.0,0.0,0.0,0.0,0.0,0.0
OTU_61,0.0,0.009354536950420954,0.0,0.0,0.0,0.0,0.0,0.0,0.0,1.4628778561719205,3.4776653222737997,0.8685183592742283,0.0,0.4018187585915195,0.0,0.35722791140747795,0.019972039145196723
OTU_81,0.0,0.0,0.0,0.0,0.0,0.0,0.0,0.0,0.006692544505420961,0.006472910868017347,0.0,0.0,0.12565069107880095,0.0,0.0,0.13098356751607526,0.0
OTU_236,0.0,0.0,0.0,0.008082114281095934,0.04128819157720892,0.0,0.0,0.0,0.0,0.0,0.0,0.0,0.0,0.0,0.0,0.0,0.0
OTU_153,0.0,0.0,0.0,0.008082114281095934,0.0,0.04752851711026616,0.0,0.0,0.0,0.0,0.0,0.0,0.0,0.0,0.0,0.0,0.0
OTU_122,0.08700948403375967,0.0,0.0,0.0,0.0,0.0,0.0,0.0,0.0,0.0,0.0,0.0,0.0,0.0,0.0,0.0,0.0
OTU_212,0.0,0.0,0.0,0.3232845712438374,0.20644095788604458,0.0,0.0,0.0,0.0,0.0,0.0,0.0,0.0,0.010574177857671566,0.06475285991797972,0.011907597046915932,0.0
OTU_230,0.0,0.0,0.0,0.0,0.0,0.0,0.0,0.0,0.0,0.0,0.0,0.0,0.0,0.0,0.0,0.0,0.0
OTU_312,0.0,0.0,0.0,0.008082114281095934,0.013762730525736306,0.0,0.0,0.0,0.0,0.0,0.030439083783578114,0.0601943417318772,0.0,0.0,0.0,0.0,0.0
OTU_43,0.0,0.037418147801683815,0.0,0.6627333710498666,1.218001651527663,0.8840304182509505,0.0,0.0,0.0,0.0,0.0,0.0,0.053850296176628974,0.4335412921645342,0.982085042089359,0.011907597046915932,0.15977631316157379
OTU_140,0.0,0.0,0.0,0.0,0.0,0.0,0.0,0.0,0.0,0.0,0.19785404459325776,0.07739272508384212,0.03590019745108598,0.30665115787247543,0.11871357651629613,0.30959752321981426,0.0
OTU_192,0.0,0.0,0.0,0.0,0.0,0.0,0.0,0.0,0.0,0.0,0.0,0.0,0.0,0.0,0.0,0.0,0.0
OTU_207,0.0,0.0,0.0,0.0,0.0,0.0,0.0,0.0,0.0,0.0,0.0,0.0,1.2744570095135523,0.35952204716083325,0.48564644938484786,0.8573469873779471,0.0
OTU_53,0.0,0.0,0.0,0.024246342843287805,0.07569501789154968,2.3859315589353614,0.0,0.0,0.0,0.0,0.007609770945894529,0.0,0.3590019745108598,0.4758380035952205,0.8417871789337362,0.4763038818766373,4.603555022967845
OTU_932,0.0,0.0,0.0,0.0,0.0,0.0,0.0,0.0,0.0,0.0,0.0,0.0,0.0,0.0,0.0,0.0,0.0
OTU_184,0.0,0.0,0.0,0.06465691424876747,0.027525461051472612,0.0,0.0,0.0,0.0,0.7314389280859602,0.03804885472947264,0.15478545016768425,0.16155088852988692,0.042296711430686265,0.16188214979494928,0.16670635865682304,0.0
OTU_154,0.008700948403375968,0.0,0.0,0.0,0.0,0.0,0.0,0.0,0.0,0.0,0.0,0.0,0.0,0.0,0.0,0.0,0.0
OTU_158,0.0,0.0,0.0,0.008082114281095934,0.013762730525736306,0.08555133079847908,0.0,0.0,0.0,0.006472910868017347,0.0,0.0,0.2154011847065159,0.0,0.0,0.0,0.0
OTU_163,0.0,0.0,0.0,0.09698537137315122,0.006881365262868153,0.0,0.0,0.0,0.0,0.0,0.0,0.0,0.0,0.0,0.0,0.0,0.0
OTU_186,0.0,0.0,0.0,0.024246342843287805,0.06881365262868153,0.0,0.0,0.0,0.0,0.05825619781215613,0.022829312837683587,0.017198383351964917,0.053850296176628974,0.07401924500370097,0.10792143319663285,0.15479876160990713,2.1170361493908527
OTU_223,0.0,0.0,0.0,0.614240685363291,0.04816955684007707,0.009505703422053232,0.0,0.0,0.0,0.0,0.0,0.0,0.0,0.0,0.0,0.0,0.0
OTU_106,0.0,0.0,0.0,0.0,0.0,0.019011406844106463,0.0,0.0,0.0,0.0,0.0,0.0,0.0,0.0,0.0,0.0,0.0
OTU_485,0.0,0.0,0.0,0.0,0.0,0.0,0.0,0.0,0.0,0.0,0.0,0.0,0.0,0.0,0.0,0.0,0.0
OTU_129,0.0,0.0,0.0,0.0,0.006881365262868153,0.019011406844106463,0.0,0.0,0.0,0.006472910868017347,0.0,0.0,0.0,0.0,0.0,0.0,0.0
OTU_98,0.0,0.0,0.0,0.0,0.0,0.0,0.0,0.0,0.0,0.0,0.0,0.0,0.0,0.021148355715343133,0.0,0.011907597046915932,0.009986019572598362
OTU_95,0.0,0.0,0.0,0.0,0.0,0.0,0.0,0.0,0.0,0.0,0.0,0.0,0.0,0.0,0.0,0.0,0.0
OTU_93,0.0,0.0,0.0,0.0,0.0,0.0,0.0,0.0,0.0,0.0,0.0,0.0,0.0,0.0,0.010792143319663286,0.011907597046915932,0.07988815658078689
OTU_142,0.0,0.0,0.0,0.0,0.0,0.0,0.0,0.0,0.0,0.0,0.0,0.0,0.0,0.0,0.0,0.0,0.0
OTU_164,0.0,0.0,0.0,0.0,0.0,0.0,0.0,0.0,0.0,0.0,0.0,0.0,0.0,0.0,0.0,0.0,0.0
OTU_820,0.0,0.0,0.0,1.236563485007678,1.5551885494082025,0.0,0.0,0.0,0.0,0.0,0.0,0.0,0.0,0.0,0.0,0.0,0.0
OTU_112,0.10441138084051162,0.0,0.0,0.08890325709205528,0.15139003578309937,0.20912547528517111,0.0,0.0,0.0,0.0,0.0,0.0,0.7898043439238915,0.4335412921645342,0.453270019425858,0.32150512026673017,0.009986019572598362
OTU_183,0.0,0.0,0.0,0.5899943425200033,0.2958987063033306,0.0,0.0,0.0,0.0,0.0,0.0,0.0,0.0,0.0,0.0,0.0,0.0
OTU_84,0.04350474201687984,0.0,0.0,0.0,0.0,0.0,0.0,0.0,0.0,0.0,0.0,0.0,0.0,0.0,0.0,0.0,0.0
OTU_613,0.0,0.0,0.0,0.0,0.0,0.0,0.0,0.0,0.0,0.0,0.0,0.0,0.053850296176628974,0.010574177857671566,0.0,0.011907597046915932,0.0
OTU_306,0.0,0.0,0.0,0.0,0.0,0.0,0.0,0.0,0.0,0.0,0.1598051898637851,0.31817009201135094,0.0,0.0,0.0,0.0,0.0
OTU_189,0.0,0.0,0.0,0.0,0.013762730525736306,0.0,0.0,0.0,0.0,0.019418732604052042,0.015219541891789057,0.017198383351964917,0.0,0.05287088928835783,0.03237642995898986,0.011907597046915932,0.0
OTU_185,0.0,0.0,0.0,0.0,0.0,0.0,0.0,0.0,0.0,0.0,0.0,0.0,0.0,0.010574177857671566,0.0,0.10716837342224339,0.0
OTU_138,0.0,0.0,0.0,0.0,0.0,0.0,0.0,0.0,0.0,0.0,0.0,0.0,0.0,0.0,0.0,0.0,0.0
OTU_231,0.0,0.0,0.0,0.0,0.0,0.0,0.0,0.0,0.0,0.0,0.0,0.0,0.0,0.0,0.0,0.0,0.0
OTU_428,0.0,0.0,0.0,0.0,0.006881365262868153,0.0,0.0,0.0,0.0,0.0,0.0,0.0,0.01795009872554299,0.07401924500370097,0.010792143319663286,0.0,0.0
OTU_76,0.0,0.0,0.0,0.0,0.0,0.0,0.0,0.0,0.0,0.0,0.0,0.0,0.0,0.0,0.0,0.011907597046915932,2.526462951867386
OTU_127,0.4872531105890542,0.009354536950420954,0.0,0.0,0.0,0.0,0.0,0.0,0.0,0.0,0.0,0.0,0.053850296176628974,0.010574177857671566,0.010792143319663286,0.0,0.04993009786299181
OTU_205,0.0,0.0,0.0,0.0,0.0,0.0,0.0,0.0,0.0,0.0,0.0,0.0,0.0,0.07401924500370097,3.971508741636089,0.011907597046915932,1.1184341921310166
OTU_197,0.0,0.0,0.0,0.08082114281095935,0.013762730525736306,0.0,0.0,0.0,0.0,0.006472910868017347,0.0,0.0,0.053850296176628974,0.06344506714602939,0.075545003237643,0.05953798523457966,0.8488116636708608
OTU_1130,0.5046550073958062,0.0,0.0,0.01616422856219187,0.0,0.0,0.007204091924212953,0.0,0.0,0.0,0.0,0.0,0.0,0.021148355715343133,0.0,0.0,0.009986019572598362
OTU_266,0.0,0.0,0.0,0.008082114281095934,0.0,0.0,0.0,0.0,0.0,0.0,0.0,0.0,0.0,0.0,0.0,0.0,0.0
OTU_59,0.0,0.0,0.0,0.0,0.0,0.0,0.0,0.0,0.0,1.1910155997151919,0.532683966212617,0.13758706681571933,0.0,0.0,0.0,0.0,0.0
OTU_143,0.0,0.0,0.0,0.0,0.0,0.0,0.0,0.0,0.0,0.0,0.0,0.0,0.0,0.0,0.0,0.0,0.0
OTU_464,0.0,0.0,0.0,0.22629919987068617,0.12386457473162675,0.07604562737642585,0.0,0.009344921035417252,0.0,0.0,0.0,0.0,0.0,0.0,0.010792143319663286,0.0,0.009986019572598362
OTU_265,0.0,0.0,0.0,0.0,0.0,0.0,0.0,0.0,0.0,0.0,0.0,0.0,0.0,0.0,0.0,0.0,0.0
OTU_96,0.008700948403375968,0.0,0.0,1.3093025135375413,1.121662537847509,0.0,0.007204091924212953,0.0,0.0,0.0,0.0,0.0,0.46670256686411776,0.6450248493179656,0.46406216274552126,0.5477494641581329,0.029958058717795086
OTU_219,0.0,0.0,0.0,0.0,0.0,0.0,0.0,0.0,0.0,0.0,0.0,0.0,0.01795009872554299,0.021148355715343133,0.4316857327865314,0.0,0.5492310764929099
OTU_249,0.0,0.0,0.0,0.0,0.0,0.0,0.0,0.0,0.0,0.0,0.0,0.008599191675982458,0.0,0.021148355715343133,0.7122814590977768,0.0,0.1897343718793689
OTU_161,0.0,0.0,0.0,0.0,0.0,0.0,0.0,0.0,0.0,0.0,0.0,0.0,0.0,0.0,0.0,0.0,0.0
OTU_367,0.0,0.0,0.0,0.0,0.0,0.0,0.0,0.0,0.0,0.0,0.0,0.0,0.0,0.0,0.0,0.0,0.0
OTU_618,0.0,0.0,0.0,0.0,0.0,0.0,0.0,0.0,0.0,0.0,0.0,0.0,0.0,0.0,0.0,0.0,0.0
OTU_509,0.008700948403375968,0.0,0.0,0.12123171421643902,0.061932287365813375,0.0,0.0,0.0,0.0,0.0,0.0,0.0,0.01795009872554299,0.0,0.0,0.0,0.009986019572598362
OTU_240,0.0,0.0,0.0,0.0,0.0,0.0,0.0,0.0,0.0,0.0,0.0,0.0,0.0,0.0,0.0,0.0,0.0
OTU_311,0.0,0.0,0.0,0.0,0.0,0.0,0.0,0.0,0.0,0.0,0.0,0.0,0.0,0.0,0.0,0.0,0.0
OTU_1141,0.0,0.0,0.0,0.0,0.0,0.0,0.0,0.0,0.0,0.0,0.0,0.0,0.0,0.17976102358041662,3.71249730196417,0.0,0.6091471939285001
OTU_173,0.0,0.0,0.0,0.0,0.0,0.0,0.0,0.0,0.0,0.0,0.0,0.0,0.0,0.05287088928835783,3.895963738398446,0.0,0.9187138006790493
OTU_202,0.0,0.0,0.0,0.0,0.0,0.0,0.0,0.0,0.0,0.0,0.0,0.0,0.0,0.031722533573014695,2.4714008202028923,0.0,0.5891751547833034
OTU_227,0.0,0.0,0.0,0.0,0.0,0.0,0.0,0.0,0.0,0.0,0.0,0.0,0.0,0.021148355715343133,1.0360457586876755,0.0,0.3495106850409427
OTU_238,0.0,0.0,0.0,0.1373959427786309,0.48857693366363886,0.0,0.0,0.0,0.0,0.0,0.0,0.0,0.0,0.0,0.0,0.0,0.0
OTU_298,0.0,0.0,0.0,0.0,0.0,0.0,0.0,0.0,0.0,0.0,0.0,0.0,0.0,0.0,0.0,0.0,0.0
