#OTUId,101.AVd_295,103.AVd_309,105.AVd_310,11.AVd_99,123.AVd_312,125.AVd_306,127.AVd_307,129.AVd_308,13.AVd_151,16.AVd_168,18.AVd_171,20.AVd_293,22.AVd_299,24.AVd_100,25.AVd_108,28.AVd_153,30.AVd_148,32.AVd_176,34.AVd_166,36.AVd_291,38.AVd_292,40.AVd_109,42.AVd_110,44.AVd_150,46.AVd_154,48.AVd_167,50.AVd_170,52.AVd_296,53.AVd_298,9.AVd_98,97.AVd_294,99.AVd_290
OTU_3,0.0,3.1021625652498135,4.74274825322888,0.4282218597063622,4.357711254262979,1.8090102626543747,5.233380480905233,6.3777191825972315,0.08412450426631414,0.0,0.04396892862377253,1.9767643488815676,2.0444339399669107,0.10393209769617183,0.28933092224231466,0.013982102908277404,0.03784295175023652,0.08275862068965517,0.0,21.192798199549888,8.656840357068715,23.01614964563727,31.83998465080583,0.01790830945558739,0.010166734444896299,0.0,0.017972681524083392,9.181110273800552,5.292321610313242,3.506876227897839,0.0,0.0
OTU_4,0.0,0.14914243102162567,0.4869786152868939,34.88988580750408,1.8315018315018314,3.6354148547573493,6.506364922206506,1.4831905075807514,0.0,0.0,0.0,0.9537020981446159,1.6190025998581896,0.2944742768058202,0.18083182640144665,0.18176733780760626,1.8353831598864712,0.027586206896551724,0.01592610288262462,2.4381095273818456,12.943740917583558,5.588474497502033,2.94512663085188,0.6984240687679083,0.030500203334688898,0.0,0.0,5.136900276312485,11.387538165780844,9.273084479371317,0.0,0.0
OTU_7,0.0,0.0,0.0,0.4078303425774878,0.0,0.0,0.0,0.0,0.08412450426631414,0.0,0.0,0.03468007629616785,0.0,0.08661008141347652,0.25316455696202533,0.02796420581655481,0.0,0.08275862068965517,0.0,0.0,0.02075980900975711,28.88346694550947,42.22947045280123,0.008954154727793696,0.0,0.0,0.035945363048166784,0.0,0.11308379509216329,3.899803536345776,0.0,0.0
OTU_24,1.596638655462185,0.22371364653243847,0.021172983273343216,19.92251223491028,0.13894151825186307,0.15654896503739782,0.16501650165016502,0.18127883981542517,0.33649801706525656,10.894027451465314,0.0,2.6530258366568407,0.7326873079650201,0.08661008141347652,0.0,0.013982102908277404,0.26490066225165565,0.027586206896551724,2.022615066093327,0.15003750937734434,1.3390076811293337,2.4166376205414197,1.0840368380660015,0.3044412607449857,3.294021960146401,2.3835488393830815,0.05391804457225018,1.8337101230846522,1.4587809566889065,20.51080550098232,46.157358088570994,9.190858554663372
OTU_1,11.731092436974789,3.1767337807606264,1.9267414778742324,0.10195758564437195,2.614626752557787,0.5392242129065925,1.4144271570014144,1.8787079762689518,0.02403557264751833,28.09447261036231,0.014656309541257512,6.311773885902549,27.014890096903805,0.13857613026156246,0.21699819168173598,0.0,1.3245033112582782,0.16551724137931034,19.939480809046028,4.8512128032008,1.1106497820220054,7.2963866620192865,4.873369148119724,6.07987106017192,0.010166734444896299,24.520953419535754,0.35945363048166784,5.450891735744788,3.471672509329413,0.009823182711198428,0.015218383807639629,7.819641754169241
OTU_30,0.0,0.5369127516778524,0.5293245818335803,30.097879282218596,0.45471769609700646,0.19133762393459733,0.5893446487505893,0.42847725774555045,0.04807114529503666,1.1747248670706072,0.0,0.0,2.7416686362562044,0.034644032565390614,0.25316455696202533,0.0,1.6650898770104068,0.0,1.8633540372670807,0.037509377344336084,0.7369732198463774,19.391193214825144,8.710667689946277,4.53080229226361,0.0,2.399127589967285,0.017972681524083392,0.30143180105501133,0.22616759018432658,57.89783889980354,0.0,0.0
OTU_580,0.0,0.014914243102162566,0.0,0.020391517128874388,0.0,0.0,0.0,0.03295978905735003,0.0,0.0,0.0,0.0,0.0,0.0,0.0,0.0,0.15137180700094607,0.0,0.0,0.012503125781445362,0.0,2.4166376205414197,3.021872601688411,0.2507163323782235,0.0,0.0,0.0,0.16327555890479778,0.03392513852764899,0.0,0.0,0.0
OTU_36,0.0,1.4168530947054436,0.7410544145670125,0.0,0.8715422508525957,0.08697164724299879,1.5794436586515794,0.7745550428477258,0.012017786323759164,1.2365524916532706,0.0,0.017340038148083926,7.645946584731742,0.017322016282695307,0.10849909584086799,0.0,1.4947965941343424,0.0,0.49370918936136327,4.876219054763691,1.7853435748391115,5.239920994539329,2.273599386032233,2.9101002865329515,0.0,0.7789375292101574,0.05391804457225018,1.1680482290881689,0.7689698066267104,0.009823182711198428,0.0,0.012353304508956145
OTU_68,0.20168067226890757,0.014914243102162566,0.021172983273343216,0.0,0.037893141341417205,0.0,0.023573785950023574,0.016479894528675015,1.1176541281096022,0.1978483986645233,0.1319067858713176,0.36414080110976244,0.46088395178444813,0.0,0.0,0.16778523489932887,0.05676442762535478,12.082758620689654,0.1592610288262462,0.27506876719179796,0.13493875856342122,0.8597653073080052,0.4029163468917882,0.09849570200573066,1.9825132167547783,0.2648387599314535,10.028756290438533,0.08791760864104496,0.09046703607373063,0.0,0.0,0.3582458307597282
OTU_88,0.5714285714285714,0.14914243102162567,0.04234596654668643,0.0,0.22735884804850323,0.05218298834579927,0.4243281471004243,0.14831905075807514,0.0,0.03709657474959812,0.0,0.017340038148083926,0.1772630583786339,0.0,0.0,0.0,0.01892147587511826,0.0,0.33444816053511706,0.037509377344336084,0.051899522524392776,0.48797490414778666,0.17267843438219493,0.008954154727793696,0.0,0.31157501168406293,0.0,0.037678975131876416,0.01130837950921633,0.0,0.0,0.22235948116121063
OTU_22,2.8403361344537816,0.2684563758389262,0.06351894982002965,0.061174551386623165,0.06315523556902868,0.1217603061401983,0.40075436115040075,0.36255767963085034,5.684412931138084,3.5612711759614197,0.7328154770628755,4.837870643315416,3.0607421413377454,0.017322016282695307,0.03616636528028933,0.0,0.03784295175023652,13.186206896551724,1.1466794075489728,1.7754438609652412,0.9238115009341914,0.7435808063204369,0.7099002302379125,0.35816618911174786,0.1423342822285482,0.9191462844679856,5.715312724658519,0.9168550615423261,0.48626031889630217,0.17681728880157171,0.060873535230558516,5.694873378628783
OTU_28,1.0084033613445378,0.014914243102162566,0.0,2.6508972267536706,0.02526209422761147,0.0,0.04714757190004715,0.016479894528675015,0.012017786323759164,0.27204154816371956,0.29312619082515023,8.063117738859026,1.1699361852989838,82.19296726138923,87.63110307414105,0.0,0.0,1.5448275862068965,0.1433349259436216,1.275318829707427,0.6331741747975919,0.3601719530614616,0.05755947812739831,0.0,0.0,0.15578750584203147,0.9884974838245866,0.32655111780959556,0.3505597647857062,0.7170923379174853,18.764267234819663,0.5435453983940705
OTU_102,1.5294117647058822,0.05965697240865026,0.0,8.13621533442088,0.06315523556902868,0.017394329448599758,0.0,0.016479894528675015,0.02403557264751833,0.5440830963274391,0.0,9.62372117218658,3.0134719924367763,14.221375368092845,8.679927667269439,0.013982102908277404,0.01892147587511826,4.110344827586207,0.5574136008918618,2.9882470617654415,0.2283578991073282,1.6614383641222261,0.3837298541826554,0.026862464183381087,0.0,0.21810250817884405,3.9899352983465133,0.07535795026375283,0.12439217460137962,3.369351669941061,0.0,1.1117974058060531
OTU_148,0.33613445378151263,0.02982848620432513,0.0,0.3466557911908646,0.10104837691044588,0.0,0.023573785950023574,0.016479894528675015,0.0,0.0,0.0,0.0,0.0,0.0,0.0,0.0,0.0,0.0,0.0,0.0,0.0,0.19751365167886603,0.23983115886415962,0.0,0.0,0.0,0.0,0.0,0.0,0.2357563850687623,3.469791508141835,0.30883261272390367
OTU_5,17.04201680672269,2.4459358687546606,2.5195850095278423,0.0,3.410382720727548,0.4522525656635937,4.714757190004715,2.2412656558998023,0.012017786323759164,0.012365524916532707,0.0,0.03468007629616785,0.04727014890096904,0.08661008141347652,0.18083182640144665,0.0,2.6111636707663197,0.0,11.928651059085842,0.037509377344336084,0.062279427029271334,0.0,0.0,4.020415472779369,0.020333468889792598,6.807914005296775,0.17972681524083392,0.07535795026375283,0.01130837950921633,0.019646365422396856,0.015218383807639629,13.218035824583076
OTU_32,0.0,0.44742729306487694,0.2540757992801186,0.0,0.26525198938992045,0.19133762393459733,0.9900990099009901,0.3131179960448253,0.0,0.07419314949919624,0.0,0.017340038148083926,0.04727014890096904,0.017322016282695307,0.03616636528028933,0.0,0.43519394512771997,0.027586206896551724,2.2455805064500716,0.05001250312578145,1.515466057712269,0.0,0.0,3.6712034383954153,0.010166734444896299,2.2121825829568467,0.10783608914450037,1.544837980406933,0.12439217460137962,0.0,0.0,0.0
OTU_572,0.0,0.0,0.0,0.040783034257748776,0.0,0.0,0.0,0.0,0.012017786323759164,0.0,0.0,0.0,0.0,0.0,0.0,0.0,0.01892147587511826,0.0,0.0,0.0,0.0,0.5576856047403277,0.6523407521105142,0.053724928366762174,0.0,0.0,0.0,0.06279829188646069,0.02261675901843266,0.0,0.0,0.0
OTU_23,13.277310924369749,0.19388516032811334,0.42345966546686425,0.0,0.21472780093469748,0.13915463558879806,0.11786892975011787,0.13183915622940012,0.0,4.735996043032027,0.0,0.017340038148083926,0.0,0.0,0.0,0.0,0.13245033112582782,0.0,4.4115304984870205,0.0,0.010379904504878554,0.0,0.0,1.2535816618911175,0.020333468889792598,5.717401464402555,0.05391804457225018,0.012559658377292138,0.0,0.009823182711198428,10.348500989194948,12.14329833230389
OTU_14,0.01680672268907563,1.4317673378076063,1.2068600465805632,0.0,1.237842617152962,0.9914767785701861,1.6737388024516737,1.087673038892551,0.0,6.838135278842587,0.014656309541257512,0.03468007629616785,0.09454029780193808,0.017322016282695307,0.03616636528028933,0.0,0.01892147587511826,0.027586206896551724,9.523809523809524,4.551137784446111,2.034461282956197,0.0,0.0,1.0386819484240688,0.030500203334688898,8.505997818974919,0.2516175413371675,1.5825169555388094,2.092050209205021,0.0,0.0,0.0
OTU_596,0.0,0.0,0.06351894982002965,0.0,0.02526209422761147,0.0,0.04714757190004715,0.0,0.0,1.8300976876468407,0.0,0.0,0.0,0.0,0.0,0.0,0.0,0.0,1.560758082497213,0.0,0.08303923603902844,0.0,0.0,0.0,0.0,1.4332450537466894,0.017972681524083392,0.1004772670183371,0.056541897546081646,0.0,0.0,0.0
OTU_19,0.0,0.0,0.0,0.0,0.0,0.0,0.0,0.0,0.0,0.0,0.0,0.03468007629616785,0.035452611675726775,0.017322016282695307,0.03616636528028933,0.0,0.0,0.0,2.818920210224558,0.0,1.5050861532073905,0.011618450098756826,0.0,0.9849570200573066,0.010166734444896299,1.3397725502414706,0.017972681524083392,0.8791760864104496,0.36186814429492253,0.009823182711198428,0.0,0.0
OTU_156,0.0,0.2535421327367636,0.10586491636671606,0.0,0.07578628268283441,0.10436597669159854,0.3536067892503536,0.26367831245880025,0.0,0.0,0.0,0.0,0.0,0.0,0.0,0.0,0.0,0.0,0.2866698518872432,0.0,0.0,0.0,0.0,0.0,0.0,0.07789375292101573,0.0,0.0,0.0,0.0,0.0,0.0
OTU_64,0.0,0.05965697240865026,0.0,0.0,0.0,0.0,0.023573785950023574,0.049439683586025046,0.0,2.3741807839742797,2.183790121647369,0.03468007629616785,0.02363507445048452,0.0,0.0,0.0,0.0,6.813793103448276,0.3663003663003663,0.0,0.0,0.0,0.0,0.0,0.0,0.015578750584203147,12.059669302659957,0.0,0.0,0.0,0.0,0.0
OTU_39,0.0,0.5965697240865027,0.296421765826805,0.0,0.0,0.017394329448599758,0.07072135785007072,0.0,0.0,0.0,0.0,0.0,0.0,0.0,0.0,0.0,0.0,0.0,0.7326007326007326,0.012503125781445362,0.0,0.0,0.0,0.0,0.0,0.8568312821311731,0.0,0.0,0.0,0.0,0.0,0.0
OTU_118,0.0,0.0,0.0,0.0,0.0,0.0,0.0,0.0,0.0,0.0,0.0,0.0,0.0,0.017322016282695307,0.0,0.0,0.0,0.0,0.0,0.0,0.0,0.0,0.0,0.026862464183381087,0.0,0.20252375759464092,0.0,0.0,0.0,0.0,0.0,0.0
OTU_1331,0.0,0.0,0.0,0.0,0.0,0.0,0.0,0.0,0.0,0.0,0.0,0.0,0.02363507445048452,0.0,0.0,0.0,0.0,0.0,1.6722408026755853,0.0,0.0,0.011618450098756826,0.0,0.0,0.0,0.34273251285246925,0.0,0.0,0.0,0.0,0.0,0.0
OTU_35,0.0,0.6263982102908278,0.35994071564683466,0.0,0.5052418845522294,0.2957036006261959,0.5421970768505422,0.2801582069874753,0.0,2.7575120563867936,0.0,0.03468007629616785,0.02363507445048452,0.017322016282695307,0.10849909584086799,0.0,0.0,0.0,3.487816531294792,1.800450112528132,0.8511521694000416,0.0,0.0,0.5103868194842407,0.010166734444896299,3.6610063872877396,0.035945363048166784,0.5777442853554383,0.8820536017188737,0.009823182711198428,0.0,0.0
OTU_73,0.0,0.0,0.0,0.0,0.0,0.0,0.0,0.0,0.0,2.646222332137999,0.0,0.0,0.04727014890096904,0.0,0.0,0.0,0.4162724692526017,0.027586206896551724,0.01592610288262462,0.0,0.0,0.0,0.0,0.08058739255014327,1.1793411956079707,0.9970400373890014,0.0,0.0,0.0,0.0,0.0,0.0
OTU_13,0.0,0.014914243102162566,1.270378996400593,0.0,1.187318428697739,0.0,1.5558698727015559,1.5161502966381015,0.0,0.0,0.0,0.0693601525923357,0.01181753722524226,0.051966048848085915,0.03616636528028933,0.0,1.4758751182592242,0.0,0.0,0.012503125781445362,5.885405854266141,0.0,0.0,3.483166189111748,0.0,0.015578750584203147,0.0,2.6124089424767645,0.5993441139884654,0.029469548133595286,0.0,0.0
OTU_27,0.0,0.37285607755406414,0.31759474910014823,0.0,0.08841732979664015,0.08697164724299879,0.33003300330033003,0.21423862887277523,0.0,0.9150488438234203,0.0,1.4739032425871337,4.537934294493027,0.017322016282695307,0.07233273056057866,0.0,1.097445600756859,0.027586206896551724,1.560758082497213,2.1255313828457116,0.86153207390492,0.0,0.0,1.5848853868194843,0.0,1.900607571272784,0.035945363048166784,0.7786988193921125,0.6671943910437634,0.0,0.0,0.0
OTU_57,0.0,0.686055182699478,0.296421765826805,0.0,0.378931413414172,0.20873195338319708,0.23573785950023574,0.09887936717205009,0.0,5.836527760603437,0.0,0.0,0.01181753722524226,0.017322016282695307,0.0,0.0,1.6650898770104068,0.0,1.6563146997929608,2.6506626656664167,0.02075980900975711,0.0,0.0,1.2625358166189111,0.020333468889792598,2.009658825362206,0.0,1.1429289123335846,0.1922424516566776,0.0,0.0,0.0
OTU_289,0.0,0.1789709172259508,0.296421765826805,0.020391517128874388,0.13894151825186307,0.10436597669159854,0.3536067892503536,0.049439683586025046,0.0,0.1731173488314579,0.0,0.0,0.01181753722524226,0.017322016282695307,0.0,0.0,0.22705771050141912,0.0,2.5003981525720658,0.0,0.5812746522731991,0.0,0.0,0.33130372492836674,0.0,0.8724100327153762,0.017972681524083392,0.0,0.0,0.0,0.0,0.0
OTU_1063,0.01680672268907563,0.0,0.0,0.0,0.0,0.27830927117759613,0.11786892975011787,0.049439683586025046,0.0,1.5333250896500557,0.0,0.017340038148083926,0.02363507445048452,0.0,0.0,0.0,0.28382213812677387,0.0,0.2229654403567447,0.0,0.0,0.0,0.0,0.4924785100286533,0.0,1.2307212961520486,0.017972681524083392,0.5526249686008541,0.1583173131290286,0.0,0.0,0.0
OTU_99,0.0,0.0,0.0,0.0,0.0,0.0,0.0,0.0,0.0,0.0,0.0,0.0,0.0,0.0,0.0,0.0,0.0,0.0,0.0,0.0,0.0,0.0,0.0,0.0,0.0,0.0,0.0,0.0,0.0,0.0,0.0,0.0
OTU_15,11.058823529411764,1.1633109619686801,0.5081515985602372,0.0,0.7957559681697612,0.3304922595233954,0.9665252239509665,0.5603164139749506,0.0,3.15320885371584,0.0,0.017340038148083926,0.01181753722524226,0.017322016282695307,0.03616636528028933,0.0,0.6054872280037843,39.724137931034484,2.8348463131071826,0.037509377344336084,0.8303923603902844,0.0,0.0,5.247134670487106,0.0,5.063093939866023,43.47591660675773,1.2182868625973373,0.9838290173018206,0.0,0.0,2.124768375540457
OTU_52,0.0,0.0,0.0,0.0,0.0,0.0,0.0,0.0,0.0,0.024731049833065413,0.0,0.0,0.0,0.0,0.0,0.0,1.2488174077578051,0.0,0.0,0.0,0.0,0.0,0.0,0.34921203438395415,0.020333468889792598,0.0,0.0,0.0,0.0,0.0,0.0,0.0
OTU_12,0.01680672268907563,0.0,0.0,0.0,0.0,0.0,0.0,0.0,0.0,0.0,0.0,0.0,0.0,0.0,0.07233273056057866,0.0,0.0,0.0,2.197802197802198,0.0,0.0,0.0,0.0,0.0,0.0,0.5608350210313133,0.0,0.0,0.0,0.0,0.0,0.0
OTU_334,9.579831932773109,0.9246830723340791,0.6351894982002965,0.0,0.31577617784514334,0.10436597669159854,0.49504950495049505,0.36255767963085034,0.0,0.717200445158897,0.0,0.03468007629616785,0.0590876861262113,0.0,0.0,0.0,0.7947019867549668,12.082758620689654,0.2548176461219939,0.25006251562890724,2.3250986090927963,0.0,0.0,0.8775071633237822,0.010166734444896299,0.529677519862907,9.417685118619698,1.268525496106506,0.41841004184100417,0.0,0.0,1.3341568869672638
OTU_10,0.0,0.0447427293064877,0.0,0.0,0.12631047113805735,0.06957731779439903,0.0,0.34607778510217535,0.012017786323759164,2.065042661060962,0.0,0.0,0.7917749940912314,0.034644032565390614,0.0,0.0,0.28382213812677387,0.05517241379310345,1.2263099219620959,0.37509377344336087,0.07265933153414988,0.0,0.0,0.04477077363896848,10.288735258235056,2.009658825362206,0.035945363048166784,0.28887214267771916,0.5993441139884654,0.009823182711198428,0.0,0.0
OTU_56,0.0,0.0,0.1270378996400593,0.0,0.012631047113805735,0.0,0.14144271570014144,0.0,0.0,3.598367750711018,0.0,0.0,0.0,0.051966048848085915,0.0,0.0,0.01892147587511826,6.896551724137931,2.388915432393693,0.0,0.0,0.0,0.0,0.0,0.0,1.1528275432310329,9.273903666427032,0.025119316754584276,0.0,0.0,0.0,1.272390364422483
OTU_80,0.0,0.40268456375838924,0.8680923142070718,0.0,1.80623973727422,1.078448425813185,1.0843941537010844,1.6315095583388266,0.0,0.3833312724125139,0.0,0.0,0.0,0.0,0.0,0.0,0.0,0.0,0.7963051441312311,0.0,0.0,0.0,0.0,0.01790830945558739,0.0,0.24926000934725034,0.0,0.012559658377292138,0.0,0.0,0.0,0.0
OTU_6,0.01680672268907563,3.43027591349739,2.0114334109676055,0.020391517128874388,3.8777314639383604,7.305618368411897,2.8052805280528053,3.3618984838497035,37.5796178343949,0.024731049833065413,0.0,18.068319750303452,7.563223824155046,0.034644032565390614,0.18083182640144665,69.82662192393737,1.0406811731315042,0.027586206896551724,0.03185220576524924,11.915478869717429,6.404401079510069,0.011618450098756826,0.0,0.27757879656160456,52.99918666124441,0.031157501168406293,0.0,6.794775182115046,13.773606242225489,0.0,0.0,0.0
OTU_111,0.0,0.0,0.0,0.0,0.0,0.0,0.0,0.0,0.0,0.09892419933226165,0.0,0.0,0.01181753722524226,0.0,0.0,0.0,0.01892147587511826,0.0,0.46185698359611405,0.0,0.0,0.0,0.0,0.0,0.0,0.6231500233681259,0.035945363048166784,0.0,0.0,0.0,0.0,0.0
OTU_41,0.0,0.014914243102162566,0.0,0.0,0.08841732979664015,0.0,0.023573785950023574,0.049439683586025046,0.0,0.803759119574626,0.0,0.0,0.1772630583786339,0.017322016282695307,0.03616636528028933,0.0,0.05676442762535478,0.0,0.5255613951266125,0.08752188047011752,0.04151961801951422,0.0,0.0,0.026862464183381087,3.121187474583164,0.5608350210313133,0.0,0.08791760864104496,0.16962569263824495,0.0,0.0,0.0
OTU_40,0.0,0.10439970171513796,0.1270378996400593,0.0,0.2526209422761147,0.034788658897199516,0.4243281471004243,0.16479894528675015,0.0,0.07419314949919624,0.0,0.0,0.01181753722524226,0.017322016282695307,0.0,0.013982102908277404,0.07568590350047304,0.0,2.5003981525720658,0.0,0.062279427029271334,0.0,0.0,1.1282234957020056,0.0,4.408786415329491,0.08986340762041696,1.1806078874654609,1.0516792943571187,0.019646365422396856,0.030436767615279258,4.607782581840643
OTU_26,0.0,1.1782252050708426,0.8257463476603853,0.0,0.3915624605279778,0.41746390676639417,0.49504950495049505,0.6591957811470006,0.03605335897127749,0.25967602324718686,0.0,0.0,0.0,0.017322016282695307,0.07233273056057866,0.02796420581655481,0.5487228003784295,0.0,1.0829749960184742,0.0,0.0,0.0,0.0,0.796919770773639,1.8198454656364376,0.2648387599314535,0.0,1.7583521728208993,1.7188736854008821,0.0,0.0,0.09882643607164916
OTU_515,0.0,0.16405667412378822,0.16938386618674572,0.0,0.189465706707086,0.034788658897199516,0.40075436115040075,0.26367831245880025,6.429515683211153,0.012365524916532707,0.0,0.08670019074041962,2.8007563223824157,0.034644032565390614,0.0,0.8249440715883669,0.20813623462630085,0.0,0.0,2.975743935983996,1.0587502594976126,0.0,0.0,0.5103868194842407,6.069540463603091,0.0,0.0,0.7912584777694047,0.9385954992649553,0.0,0.0,0.0
OTU_103,0.0,0.02982848620432513,0.021172983273343216,0.0,0.05052418845522294,0.15654896503739782,0.023573785950023574,0.14831905075807514,0.0,1.0758006677383456,0.0,0.0,0.0,0.0,0.0,0.0,0.01892147587511826,0.0,0.2229654403567447,0.0,0.0,0.0,0.0,0.01790830945558739,0.0,0.07789375292101573,0.0,0.30143180105501133,0.01130837950921633,0.0,0.0,0.03705991352686844
OTU_209,0.2184873949579832,0.014914243102162566,0.0,0.0,0.012631047113805735,0.0,0.023573785950023574,0.0,0.012017786323759164,0.13602077408185978,0.0,0.0,0.0,0.0,0.0,0.0,0.0,0.13793103448275862,0.1592610288262462,0.0,0.0,0.0,0.0,0.008954154727793696,1.2911752745018301,0.14020875525782833,0.07189072609633357,0.037678975131876416,0.02261675901843266,0.0,0.0,0.012353304508956145
OTU_101,0.4369747899159664,0.3131991051454139,0.21172983273343213,0.0,0.11367942402425162,0.034788658897199516,0.2593116454502593,0.14831905075807514,0.0,2.5596636577222704,0.0,0.0,0.0,0.0,0.0,0.08389261744966443,0.13245033112582782,0.027586206896551724,0.8759356585443542,0.0,0.02075980900975711,0.0,0.0,0.5103868194842407,0.020333468889792598,1.9940800747780028,0.0,0.0,0.0,0.009823182711198428,0.0,1.9394688079061149
OTU_72,0.0,0.0,0.0,0.0,0.0,0.0,0.0,0.0,0.0,1.0881661926548782,0.0,0.0,0.02363507445048452,0.034644032565390614,0.0,0.0,0.0,0.0,0.06370441153049848,0.0,0.7992526468756488,0.0,0.0,0.0,0.0,0.9035675338837825,0.08986340762041696,0.06279829188646069,0.09046703607373063,0.009823182711198428,0.0,0.0
OTU_45,0.0,0.0,0.021172983273343216,0.0,0.0,0.0,0.04714757190004715,0.03295978905735003,0.0,0.0,0.0,0.0,0.0,0.0,0.0,0.0,0.30274361400189215,0.0,0.01592610288262462,0.0,0.031139713514635667,0.0,0.0,0.4745702005730659,0.0,0.015578750584203147,0.0,0.0,0.10177541558294696,0.0,0.0,0.0
OTU_700,0.0,0.10439970171513796,0.04234596654668643,0.0,0.05052418845522294,0.13915463558879806,0.2828854314002829,0.049439683586025046,0.0,0.8903177939903549,0.0,0.0,0.01181753722524226,0.0,0.0,0.0,0.0946073793755913,0.0,2.9144768275203057,0.037509377344336084,0.0,0.0,0.0,1.146131805157593,0.010166734444896299,1.2774575479046582,0.0,0.025119316754584276,0.01130837950921633,0.0,0.0,0.0
OTU_63,0.40336134453781514,0.23862788963460105,0.21172983273343213,0.0,0.23998989516230895,0.05218298834579927,0.1885902876001886,0.24719841793012526,0.0,0.13602077408185978,0.0,0.0,0.0,0.034644032565390614,0.0,0.0,0.07568590350047304,0.496551724137931,2.070393374741201,0.05001250312578145,0.653933983807349,0.0,0.0,0.2417621776504298,0.0,1.7603988160149555,0.43134435657800146,0.31399145943230344,0.21485921067511027,0.0,0.0,0.06176652254478073
OTU_51,0.0,0.2833706189410887,0.2752487825534618,0.0,0.15157256536566882,0.06957731779439903,0.2828854314002829,0.26367831245880025,0.0,0.0,0.014656309541257512,7.161435755158661,3.0725596785629876,0.0,0.0,0.0,0.6811731315042573,0.0,2.181876094919573,2.2755688922230557,2.148640232509861,0.0,0.009593246354566385,1.1013610315186246,0.010166734444896299,1.916186321856987,0.017972681524083392,1.1429289123335846,0.8368200836820083,0.009823182711198428,0.0,0.0
OTU_113,0.0,0.46234153616703955,0.296421765826805,0.0,0.20209675382089176,0.22612628283179684,0.4243281471004243,0.2966381015161503,0.0,0.3709657474959812,0.0,0.0,0.01181753722524226,0.0,0.0,0.0,0.01892147587511826,0.027586206896551724,0.5255613951266125,0.0,0.0,0.0,0.0,0.026862464183381087,0.0,1.2774575479046582,0.035945363048166784,0.0,0.0,0.0,0.0,0.0
OTU_514,0.0,0.0,0.021172983273343216,0.0,0.012631047113805735,0.0,0.0,0.0,0.0,0.0,0.0,0.0,0.01181753722524226,0.0,0.0,0.0,0.0,0.0,0.7803790412486065,0.012503125781445362,0.12455885405854267,0.0,0.0,0.0,0.0,0.20252375759464092,0.0,0.037678975131876416,0.0,0.0,0.0,0.0
OTU_38,1.0588235294117647,0.014914243102162566,0.04234596654668643,0.0,0.06315523556902868,0.017394329448599758,0.04714757190004715,0.03295978905735003,0.0,0.04946209966613083,0.0,0.0,0.02363507445048452,0.0,0.0,0.0,0.0946073793755913,0.0,0.2866698518872432,0.0,0.10379904504878555,0.0,0.0,0.4477077363896848,0.0,0.8256737809627668,0.0,0.08791760864104496,0.01130837950921633,0.0,0.0,1.5565163681284744
OTU_115,0.0,0.14914243102162567,0.06351894982002965,0.0,0.02526209422761147,0.0,0.0942951438000943,0.09887936717205009,0.0,0.012365524916532707,0.0,0.0,0.0,0.0,0.0,0.0,0.03784295175023652,0.0,0.3663003663003663,0.0,0.0,0.0,0.0,0.03581661891117478,0.010166734444896299,0.2336812587630472,0.0,0.0,0.06785027705529798,0.0,0.0,0.0
OTU_71,0.0,0.16405667412378822,0.2752487825534618,0.0,0.6947075912593154,0.0,0.2593116454502593,0.09887936717205009,0.0,0.04946209966613083,0.0,0.0,2.304419758922241,0.017322016282695307,0.0,0.0,0.0,0.0,0.0796305144131231,0.06251562890722681,5.231471870458792,0.0,0.0,0.4656160458452722,0.0,0.04673625175260944,0.0,6.34262748053253,2.2616759018432657,0.0,0.0,0.02470660901791229
OTU_200,0.01680672268907563,0.23862788963460105,0.1482108829134025,0.0,0.12631047113805735,0.06957731779439903,0.2828854314002829,0.26367831245880025,0.0,0.0,0.0,0.0,0.0,0.017322016282695307,0.0,0.0,0.05676442762535478,0.0,0.03185220576524924,0.0,0.07265933153414988,0.0,0.0,0.16117478510028654,0.0,0.062315002336812586,0.0,0.012559658377292138,0.01130837950921633,0.0,0.0,0.0
OTU_42,0.0,1.1185682326621924,0.35994071564683466,0.0,0.12631047113805735,0.2957036006261959,1.155115511551155,0.5108767303889256,0.0,0.23494497341412143,0.0,0.0,0.0,0.0,0.0,0.0,0.24597918637653737,0.0,0.27074374900461856,0.0,0.0,0.0,0.0,1.0655444126074498,0.0,1.0749337903100171,0.07189072609633357,0.0,0.0,0.0,0.0,3.2859789993823347
OTU_195,0.0,0.19388516032811334,0.16938386618674572,0.0,0.037893141341417205,0.034788658897199516,0.07072135785007072,0.08239947264337508,0.0,0.012365524916532707,0.0,0.0,0.0,0.0,0.0,0.0,0.07568590350047304,0.0,0.46185698359611405,0.0,0.0,0.0,0.0,0.42084527220630374,0.0,0.09347250350521888,0.0,0.1004772670183371,0.0791586565645143,0.009823182711198428,0.0,0.0
OTU_121,1.6470588235294117,0.02982848620432513,0.021172983273343216,0.0,0.0,0.0,0.0,0.016479894528675015,0.0,0.1731173488314579,0.08793785724754506,0.0,0.035452611675726775,0.017322016282695307,0.0,0.0,0.0,1.6827586206896552,0.12740882306099696,0.1000250062515629,0.07265933153414988,0.0,0.0,0.0,0.0,0.3894687646050787,2.516175413371675,0.012559658377292138,0.0,0.0,0.0,0.4694255713403335
OTU_94,0.0,0.20879940343027592,0.0,0.0,0.02526209422761147,0.017394329448599758,0.07072135785007072,0.06591957811470006,0.0,0.012365524916532707,0.0,0.0,0.0,0.0,0.03616636528028933,0.0,0.05676442762535478,0.0,0.2229654403567447,0.0,0.031139713514635667,0.0,0.0,0.08058739255014327,0.0,0.20252375759464092,0.0,0.08791760864104496,0.0,0.0,0.0,0.012353304508956145
OTU_49,0.0,0.0,0.0,0.0,0.0,0.0,0.023573785950023574,0.0,0.0,0.0,0.0,0.0,0.0,0.0,0.0,0.0,0.0,0.0,0.2548176461219939,0.0,0.010379904504878554,0.0,0.0,0.0,0.0,0.031157501168406293,0.0,0.025119316754584276,0.06785027705529798,0.0,0.0,0.0
OTU_305,0.0,0.014914243102162566,0.0,0.0,0.0,0.0,0.0,0.0,0.07210671794255498,1.2118214418202053,0.0,0.8323218311080285,0.2363507445048452,0.0,0.0,0.0,0.0,0.027586206896551724,0.1592610288262462,0.025006251562890724,0.3010172306414781,0.0,0.0,0.008954154727793696,1.3318422122814153,0.12463000467362517,0.0,0.6028636021100227,0.3053262467488409,0.0,0.030436767615279258,0.2964793082149475
OTU_172,0.0,0.0,0.0,0.0,0.0,0.0,0.0,0.0,0.0,0.0,0.0,0.0,0.0,0.0,0.0,0.0,0.0,0.0,0.0,0.0,0.0,0.0,0.0,0.01790830945558739,0.0,0.015578750584203147,0.0,0.35167043456417985,0.0,0.0,0.0,0.0
OTU_54,0.0,0.2535421327367636,0.16938386618674572,0.0,0.11367942402425162,0.17394329448599757,0.9193776520509194,0.4943968358602505,0.0,0.0,0.0,0.0,0.0,0.0,0.03616636528028933,0.0,0.11352885525070956,0.0,0.0,0.0,0.0,0.0,0.0,0.08058739255014327,0.0,0.0,0.0,0.012559658377292138,0.0,0.0,0.0,0.0
OTU_66,0.0,0.0,0.0,0.0,0.0,0.0,0.0,0.0,0.0,0.012365524916532707,0.0,0.017340038148083926,0.0,0.0,0.0,0.0,0.05676442762535478,0.0,0.0,0.0,0.0,0.0,0.0,0.13431232091690545,0.0,0.0,0.0,0.025119316754584276,0.0,0.0,0.0,0.0
OTU_132,0.0,0.02982848620432513,0.04234596654668643,0.0,0.02526209422761147,0.06957731779439903,0.14144271570014144,0.03295978905735003,0.0,0.0,0.0,0.0,0.0,0.017322016282695307,0.0,0.0,0.26490066225165565,0.0,0.19111323459149546,0.037509377344336084,0.0,0.0,0.0,0.34025787965616044,0.0,0.07789375292101573,0.0,0.08791760864104496,0.01130837950921633,0.0,0.0,0.0
OTU_34,0.03361344537815126,0.0,0.0,0.020391517128874388,0.0,0.0,0.0,0.0,0.0,0.0,0.0,0.017340038148083926,0.0,0.6409146024597263,0.0,0.05592841163310962,13.623462630085147,0.05517241379310345,0.01592610288262462,0.0,0.010379904504878554,0.0,0.0,3.7249283667621778,0.010166734444896299,0.0,0.0,0.0,0.02261675901843266,0.0,0.09131030284583777,0.0
OTU_2,0.03361344537815126,16.584638329604772,19.669701460935848,0.0,16.066691928760893,20.925378326665506,10.726072607260726,16.941331575477918,0.012017786323759164,0.0,0.0,0.0,0.0,0.017322016282695307,0.0,0.0,0.0,0.0,0.0,0.012503125781445362,0.0,0.0,0.0,0.053724928366762174,0.010166734444896299,0.0,0.0,0.0,0.0,0.009823182711198428,0.0,0.0
OTU_79,0.0,0.05965697240865026,0.0,0.0,0.0,0.017394329448599758,0.0942951438000943,0.016479894528675015,0.0,0.0,0.0,1.4739032425871337,1.7489955093358545,0.0,0.0,0.0,0.01892147587511826,0.0,0.0,1.350337584396099,0.5086153207390492,0.0,0.0,0.04477077363896848,0.0,0.0,0.0,0.2009545340366742,0.5428022164423838,0.009823182711198428,0.0,0.0
OTU_91,0.0,0.0447427293064877,0.0,0.0,0.0,0.0,0.0,0.0,0.012017786323759164,0.0,0.0,0.0,0.0,0.12125411397886714,0.0,0.0,0.01892147587511826,0.0,0.0,0.05001250312578145,0.051899522524392776,0.0,0.0,0.0,0.020333468889792598,0.0,0.0,0.012559658377292138,0.0,0.0,0.0,0.0
OTU_9,0.0,0.0,2.4348930764344696,0.0,0.02526209422761147,0.034788658897199516,0.0,0.0,0.012017786323759164,0.04946209966613083,0.0,0.0,0.0,0.0,0.03616636528028933,0.0,1.7407757805108799,0.0,0.0,0.012503125781445362,0.0,0.0,0.0,2.3818051575931234,0.040666937779585195,0.0,0.0,0.0,0.0,0.029469548133595286,0.0,0.0
OTU_74,0.0,1.1931394481730053,0.6140165149269532,0.0,0.3663003663003663,0.08697164724299879,0.8722300801508722,0.5603164139749506,0.0,0.0,0.0,0.0,0.0,0.0,0.0,0.0,0.0,0.0,0.09555661729574773,0.0,0.0,0.0,0.0,0.01790830945558739,0.0,0.04673625175260944,0.017972681524083392,0.4395880432052248,0.06785027705529798,0.0,0.0,0.0
OTU_87,0.0,0.0,0.0,0.0,0.0,0.017394329448599758,0.0,0.0,0.0,0.0,0.0,0.0,0.0,0.0,0.03616636528028933,0.013982102908277404,0.1892147587511826,0.0,0.01592610288262462,0.08752188047011752,0.031139713514635667,0.0,0.0,0.01790830945558739,0.020333468889792598,0.0,0.0,0.012559658377292138,0.0,0.0,0.0,0.0
OTU_11,0.0,1.133482475764355,0.7198814312936693,0.0,2.2735884804850324,0.643590189598191,0.9193776520509194,1.1371127224785762,0.0,0.0,0.0,0.0,0.0,0.0,0.0,0.0,0.34058656575212864,0.0,0.0,0.0,0.0,0.0,0.0,0.6267908309455588,0.0,0.0,0.0,0.0,0.0,0.0,0.0,0.0
OTU_50,0.0,0.014914243102162566,0.16938386618674572,0.0,2.0083364910951116,2.296051487215168,1.6973125884016973,0.922874093605801,0.0,0.0,0.0,0.7629616785156927,2.186244386669818,0.06928806513078123,0.0,0.0,0.3595080416272469,0.0,0.0,0.5001250312578145,8.957857587710192,0.0,0.0,0.09849570200573066,0.030500203334688898,0.015578750584203147,0.0,6.958050741019845,16.781635191677033,0.0,0.0,0.0
OTU_104,0.0,0.0,0.0,0.0,0.0,0.017394329448599758,0.0,0.0,0.0,0.0,0.0,0.0,0.31907350508154103,0.0,0.0,0.0,0.0,0.0,0.0,0.037509377344336084,0.0,0.0,0.0,0.0,0.0,0.0,0.0,0.0,0.01130837950921633,0.0,0.0,0.0
OTU_177,0.0,0.0894854586129754,0.08469193309337286,0.0,0.06315523556902868,0.0,0.0,0.049439683586025046,0.0,0.0,0.0,0.017340038148083926,0.0,0.0,0.0,0.0,0.0,0.0,0.0,0.0,0.16607847207805687,0.0,0.0,0.15222063037249284,0.0,0.015578750584203147,0.0,0.025119316754584276,0.09046703607373063,0.0,0.0,0.0
OTU_1844,0.0,0.7755406413124534,0.5081515985602372,0.0,0.189465706707086,0.15654896503739782,0.8958038661008958,0.19775873434410018,0.0,0.012365524916532707,0.0,0.017340038148083926,0.0,0.0,0.0,0.0,0.05676442762535478,0.0,0.0,0.0,0.954951214448827,0.0,0.0,0.42084527220630374,0.0,0.0,0.0,0.6656618939964833,0.32794300576727353,0.0,0.0,0.0
OTU_327,0.0,0.0,0.04234596654668643,0.0,0.0,0.017394329448599758,0.07072135785007072,0.03295978905735003,0.0,0.0,0.0,0.0,0.0,0.0,0.0,0.0,0.0,0.0,0.0796305144131231,0.0,0.0,0.0,0.0,0.026862464183381087,0.0,0.015578750584203147,0.0,0.012559658377292138,0.0,0.009823182711198428,0.0,0.0
OTU_674,0.0,0.014914243102162566,0.0,0.0,0.02526209422761147,0.0,0.0,0.016479894528675015,0.0,0.0,0.0,0.0,0.0,0.0,0.0,0.0,0.0,0.0,0.0,0.0,0.0,0.0,0.0,0.1969914040114613,0.0,0.0,0.0,0.0,0.0,0.0,0.0,0.0
OTU_92,0.0,0.0,0.0,0.0,0.0,0.0,0.0,0.0,0.0,0.012365524916532707,0.0,0.0,0.0,0.0,0.03616636528028933,0.0,2.4976348155156103,0.0,0.0,0.0,0.0,0.0,0.0,1.029727793696275,0.030500203334688898,0.0,0.0,0.0,0.0,0.0,0.0,0.0
OTU_77,0.0,0.3877703206562267,0.06351894982002965,0.0,0.10104837691044588,0.017394329448599758,0.0942951438000943,0.16479894528675015,0.0,0.0,0.0,0.017340038148083926,0.035452611675726775,0.0,0.0,0.0,0.07568590350047304,0.0,0.0,0.037509377344336084,1.1625493045463982,0.0,0.009593246354566385,0.28653295128939826,0.0,0.0,0.0,0.45214770158251694,0.03392513852764899,0.0,0.0,0.0
OTU_8,0.0,11.469052945563012,17.213635401228032,0.020391517128874388,16.0793229758747,7.983997216907288,8.015087223008015,10.01977587343441,0.0,0.024731049833065413,0.0,0.0,0.0,0.0,0.0,0.0,2.384105960264901,0.0,0.0,0.0,0.010379904504878554,0.0,0.0,1.5132521489971347,0.040666937779585195,0.0,0.0,0.0,0.0,0.0,0.0,0.0
OTU_48,0.0,0.5965697240865027,0.23290281600677534,0.0,0.189465706707086,0.06957731779439903,0.3536067892503536,0.2966381015161503,0.0,0.0,0.0,0.0,0.0,0.0,0.0,0.0,0.11352885525070956,0.0,0.0,0.025006251562890724,0.21797799460244965,0.0,0.0,1.119269340974212,0.0,0.0,0.0,0.22607385079125847,0.02261675901843266,0.0,0.0,0.0
OTU_31,0.01680672268907563,0.1789709172259508,0.5293245818335803,0.0,1.2125805229253506,9.25378326665507,7.614332861857615,3.032300593276203,0.0,0.0,0.0,0.32946072481359456,0.8035925313164737,0.034644032565390614,0.0,0.0,0.8703878902554399,0.0,0.01592610288262462,0.5626406601650412,6.186423084907619,0.0,0.0,0.3133954154727794,0.061000406669377796,0.0,0.0,8.791760864104496,13.581363790568812,0.0,0.0,0.0
OTU_29,0.0,0.6114839671886652,0.4022866821935211,0.020391517128874388,0.1768346595932803,0.13915463558879806,0.4243281471004243,0.6591957811470006,0.012017786323759164,0.0,0.029312619082515024,0.05202011444425178,5.4006145119357125,0.017322016282695307,0.07233273056057866,0.0,0.0,0.0,0.0,3.813453363340835,3.6329665767074943,0.0,0.0,0.0,0.0,0.0,0.0,2.6877668927405174,0.2714011082211919,0.0,0.0,0.0
OTU_55,0.0,0.0,0.0,0.0,0.0,0.0,0.0,0.0,0.0,0.0,0.0,0.0,0.0,0.0,0.0,0.0,0.0,0.0,0.0,0.0,0.0,0.0,0.0,0.0,0.0,0.0,0.0,0.0,0.0,0.0,0.0,0.0
OTU_16,0.0,0.0,0.0,0.0,0.0,0.0,0.0,0.0,0.0,0.03709657474959812,0.0,0.017340038148083926,0.0,0.0,0.0,0.0,8.230842005676443,0.05517241379310345,0.0,0.0,0.0,0.011618450098756826,0.0,4.020415472779369,0.020333468889792598,0.015578750584203147,0.0,0.0,0.0,0.0,0.0,0.0
OTU_125,0.0,0.0,0.0,0.0,0.0,0.0,0.0,0.0,0.0,0.0,0.0,0.0,0.0,0.0,0.0,0.0,0.0,0.0,0.0,0.0,0.0,0.0,0.0,0.0,0.0,0.0,0.0,0.0,0.0,0.0,0.0,0.0
OTU_85,0.0,1.1483967188665176,1.0586491636671607,0.0,0.49261083743842365,0.2957036006261959,1.2494106553512494,0.44495715227422544,0.0,0.012365524916532707,0.0,0.0,0.0,0.0,0.0,0.0,1.4191106906338695,0.0,0.0,0.037509377344336084,0.0,0.0,0.0,1.3341690544412608,0.010166734444896299,0.0,0.0,0.38934940969605625,0.03392513852764899,0.0,0.0,0.0
OTU_46,0.0,0.0,0.0,0.0,0.0,0.0,0.0,0.0,0.0,0.0,0.0,0.0,0.0,0.0,0.0,0.0,0.0,0.0,0.0,0.0,0.0,0.0,0.0,0.0,0.0,0.0,0.0,0.0,0.0,0.0,0.0,0.0
OTU_105,0.0,0.0,0.0,0.0,0.0,0.0,0.0,0.0,0.0,0.0,0.0,0.0,0.0,0.0,0.0,0.0,0.0,0.0,0.0,0.2250562640660165,0.13493875856342122,0.0,0.0,0.0,0.0,0.0,0.0,0.0,0.0,0.0,0.0,0.0
OTU_70,0.0,1.0887397464578672,1.5668007622273978,0.0,1.187318428697739,1.217603061401983,1.6737388024516737,1.1206328279499012,0.0,0.0,0.0,0.0,0.0,0.0,0.0,0.0,0.0,0.0,0.0,0.025006251562890724,0.031139713514635667,0.0,0.0,0.0,0.010166734444896299,0.0,0.0,0.0,0.01130837950921633,0.0,0.0,0.0
OTU_86,0.0,0.0,0.0,0.0,0.0,0.0,0.0,0.0,0.0,0.0,0.0,0.0,0.0,0.0,0.0,0.0,0.0,0.0,0.0,0.0,0.0,0.0,0.0,0.0,0.0,0.0,0.0,0.0,0.0,0.0,0.0,0.0
OTU_654,0.0,0.0,0.0,0.0,0.0,0.0,0.0,0.0,0.012017786323759164,0.024731049833065413,0.0,0.0,0.0,0.0,0.0,0.0,3.0085146641438034,0.0,0.0,0.0,0.0,0.0,0.0,0.7700573065902578,0.010166734444896299,0.0,0.0,0.0,0.0,0.0,0.0,0.0
OTU_44,0.0,0.0,0.0,0.0,0.0,0.0,0.0,0.0,0.0,0.0,0.0,0.0,0.0,0.0,0.0,0.0,0.0,0.0,0.0,0.0,0.0,0.0,0.0,0.0,0.0,0.0,0.0,0.0,0.0,0.0,0.0,0.0
OTU_33,0.0,0.0,0.0,0.0,0.0,0.0,0.0,0.0,0.0,0.0,0.0,0.0,0.0,0.0,0.0,0.0,4.7303689687795645,0.0,0.0,0.0,0.0,0.0,0.0,1.0655444126074498,0.0,0.015578750584203147,0.0,0.0,0.0,0.0,0.0,0.0
OTU_130,8.504201680672269,0.10439970171513796,0.1482108829134025,0.0,0.0,0.034788658897199516,0.2828854314002829,0.03295978905735003,0.0,0.0,0.0,0.0,0.0,0.0,0.0,0.0,0.0,0.0,0.0,0.06251562890722681,0.0,0.0,0.0,0.0,0.0,0.0,0.0,0.012559658377292138,0.0,0.0,0.27393090853751334,4.039530574428659
OTU_90,0.0,0.0,0.0,0.0,0.0,0.0,0.0,0.0,0.0,0.0,0.0,0.0,0.0,0.0,0.0,0.0,0.05676442762535478,0.027586206896551724,0.0,0.0,0.0,0.0,0.0,0.11640401146131805,0.0,0.0,0.0,0.0,0.0,0.0,0.0,0.0
OTU_100,0.0,0.41759880686055184,0.33876773237349145,0.0,0.16420361247947454,0.13915463558879806,0.3536067892503536,0.36255767963085034,0.0,0.0,0.0,0.0,0.0,0.0,0.0,0.0,0.0,0.0,0.0,0.037509377344336084,0.010379904504878554,0.0,0.0,0.2238538681948424,0.0,0.0,0.0,0.0,0.0,0.009823182711198428,0.0,0.0
OTU_78,0.0,0.6263982102908278,0.9104382807537582,0.0,0.0,0.8175334840841886,0.9665252239509665,0.6097560975609756,0.0,0.0,0.0,0.0,0.0,0.0,0.0,0.0,0.0,0.0,0.0,0.0,0.0,0.0,0.0,0.0,0.0,0.0,0.0,1.544837980406933,2.646160805156621,0.0,0.0,0.0
OTU_361,0.0,0.5369127516778524,0.21172983273343213,0.0,0.2905140836175319,0.06957731779439903,0.16501650165016502,0.26367831245880025,0.0,0.0,0.0,0.0,0.0,0.0,0.0,0.0,0.9649952696310312,0.0,0.0,0.025006251562890724,0.0,0.023236900197513653,0.009593246354566385,1.6386103151862463,0.0,0.0,0.0,0.025119316754584276,0.18093407214746127,0.0,0.0,0.0
OTU_107,0.0,0.41759880686055184,0.3811136989201779,0.0,0.3663003663003663,0.05218298834579927,0.04714757190004715,0.39551746868820037,0.0,0.0,0.0,0.0,0.0,0.0,0.0,0.0,0.0,0.0,0.0,0.012503125781445362,0.0,0.0,0.0,0.10744985673352435,0.0,0.0,0.0,0.0,0.09046703607373063,0.0,0.0,0.0
OTU_89,0.0,0.0,0.0,0.0,0.0,0.0,0.0,0.0,0.0,0.0,0.0,0.0,0.0,0.0,0.0,0.0,0.0,0.0,0.0,0.0,0.0,0.0,0.0,0.0,0.0,0.0,0.0,0.0,0.0,0.0,0.0,0.0
OTU_69,0.0,0.16405667412378822,0.1482108829134025,0.0,0.0,0.0,0.9193776520509194,0.26367831245880025,0.0,0.0,0.0,0.0,0.0,0.0,0.0,0.0,0.13245033112582782,0.0,0.0,0.0,0.0,0.0,0.0,0.2238538681948424,0.010166734444896299,0.0,0.0,0.0,0.0,0.0,0.0,0.0
OTU_119,0.0,0.2535421327367636,0.1482108829134025,0.0,0.06315523556902868,0.017394329448599758,0.2828854314002829,0.049439683586025046,0.0,0.0,0.0,0.3468007629616785,1.6308201370834319,0.0,0.0,0.0,0.0,0.0,0.0,0.33758439609902474,0.6850736973219846,0.0,0.0,0.0,0.0,0.0,0.0,0.35167043456417985,0.18093407214746127,0.0,0.0,0.0
OTU_149,0.0,0.0,0.0,0.0,0.0,0.0,0.0,0.0,0.0,0.0,0.0,0.0,0.0,0.0,0.0,0.0,0.0,0.0,0.0,0.0,0.0,0.0,0.0,0.0,0.0,0.0,0.0,0.0,0.0,0.0,0.0,0.0
OTU_65,0.0,0.0,0.0,0.0,0.0,0.0,0.0,0.0,0.0,0.012365524916532707,0.0,0.0,0.0,0.0,0.0,0.0,0.510879848628193,0.0,0.0,0.012503125781445362,0.0,0.0,0.0,0.18803724928366763,0.0,0.0,0.0,0.0,0.0,0.0,0.0,0.0
OTU_62,0.0,0.014914243102162566,0.23290281600677534,0.0,0.12631047113805735,0.10436597669159854,0.11786892975011787,0.11535926170072512,0.0,0.0,0.0,0.0,0.0,0.0,0.0,0.0,0.0,0.0,0.0,0.0,0.0,0.0,0.0,0.026862464183381087,0.0,0.015578750584203147,0.0,0.0,0.0,0.0,0.0,0.0
OTU_18,0.0,17.046979865771814,12.470887147999154,0.0,18.971832764936213,23.882414332927464,12.446958981612447,19.77587343441002,0.02403557264751833,0.0,0.0,0.0,0.0,0.0,0.0,0.0,0.6054872280037843,0.0,0.0,0.0,0.0,0.0,0.0,0.5103868194842407,0.0,0.0,0.0,0.0,0.0,0.0,0.015218383807639629,0.0
OTU_67,0.0,0.0,0.0,0.0,0.0,0.0,0.0,0.0,0.02403557264751833,0.024731049833065413,0.0,0.0,0.01181753722524226,0.0,0.0,0.0,7.038789025543992,0.0,0.0,0.0,0.010379904504878554,0.0,0.0,2.6414756446991405,0.010166734444896299,0.0,0.0,0.0,0.0,0.0,0.0,0.0
OTU_58,0.0,0.14914243102162567,0.10586491636671606,0.0,0.11367942402425162,0.034788658897199516,0.2593116454502593,0.049439683586025046,0.0,0.0,0.0,0.0,0.0,0.0,0.03616636528028933,0.0,0.510879848628193,0.0,0.0,0.012503125781445362,0.010379904504878554,0.0,0.0,2.032593123209169,0.010166734444896299,0.0,0.0,0.0,0.13570055411059595,0.0,0.0,0.0
OTU_75,0.0,0.23862788963460105,0.2752487825534618,0.0,0.20209675382089176,0.34788658897199515,0.40075436115040075,0.2801582069874753,0.0,0.0,0.0,0.0,0.0,0.0,0.0,0.0,0.03784295175023652,0.0,0.0,0.0,0.0,0.0,0.0,0.6088825214899714,0.0,0.0,0.0,0.0,0.0,0.0,0.0,0.0
OTU_124,0.0,0.10439970171513796,0.10586491636671606,0.0,0.037893141341417205,0.15654896503739782,0.2828854314002829,0.09887936717205009,0.0,0.0,0.0,0.0,0.0,0.0,0.0,0.0,0.0946073793755913,0.0,0.0,0.05001250312578145,0.02075980900975711,0.0,0.0,0.04477077363896848,0.0,0.0,0.0,0.28887214267771916,0.20355083116589393,0.0,0.0,0.0
OTU_83,0.0,0.05965697240865026,0.04234596654668643,0.0,0.02526209422761147,0.0,0.0,0.0,0.0,0.0,0.0,0.0,0.0,0.0,0.0,0.0,0.0,0.0,0.0,0.4251062765691423,0.29063732613659954,0.0,0.0,0.0,0.0,0.0,0.0,0.025119316754584276,0.03392513852764899,0.0,0.0,0.012353304508956145
OTU_110,0.0,0.0,0.0,0.0,0.02526209422761147,0.017394329448599758,0.0,0.0,0.0,0.0,0.0,0.0,0.0,0.0,0.0,0.0,0.1892147587511826,0.0,0.01592610288262462,0.06251562890722681,0.07265933153414988,0.0,0.0,0.27757879656160456,0.0,0.0,0.0,0.0,0.0,0.0,0.0,0.0
OTU_117,0.0,0.0,0.0,0.0,0.0,0.0,0.0,0.0,0.0,0.0,0.0,0.0,0.0,0.0,0.0,0.0,0.03784295175023652,0.0,0.0,0.012503125781445362,0.0,0.0,0.0,0.2238538681948424,0.0,0.0,0.0,0.025119316754584276,0.02261675901843266,0.009823182711198428,0.0,0.0
OTU_126,0.0,0.0,0.0,0.0,0.0,0.0,0.0,0.0,0.0,0.0,0.0,0.0,0.0,0.0,0.0,0.0,3.0463576158940397,0.0,0.0,0.0,0.0,0.0,0.0,1.2177650429799427,0.020333468889792598,0.0,0.0,0.0,0.0,0.0,0.0,0.0
OTU_147,0.0,0.0,0.0,0.0,0.0,0.0,0.0,0.0,0.0,0.0,0.0,0.0,0.0,0.0,0.0,0.0,0.0,0.0,0.0,0.0,0.0,0.0,0.0,0.0,0.0,0.0,0.0,0.0,0.0,0.0,0.0,0.0
OTU_114,0.0,0.0,0.0,0.0,0.0,0.0,0.0,0.0,0.0,0.0,0.0,0.0,0.0,0.0,0.0,0.0,0.0,0.0,0.01592610288262462,0.0,0.0,0.0,0.0,0.0,0.0,0.0,0.0,6.367746797287114,0.02261675901843266,0.0,0.0,0.0
OTU_131,0.0,0.0,0.0,0.0,0.0,0.0,0.0,0.0,0.0,0.0,0.0,0.0,0.0,0.0,0.0,0.0,0.0,0.0,0.0,0.0,0.0,0.0,0.0,0.0,0.0,0.0,0.0,0.012559658377292138,0.02261675901843266,0.009823182711198428,0.0,0.0
OTU_182,0.0,0.02982848620432513,0.021172983273343216,0.0,0.10104837691044588,0.0,0.023573785950023574,0.0,0.0,0.0,0.0,0.0,0.0,0.0,0.0,0.0,0.0,0.0,0.0,0.0,0.0,0.0,0.0,0.0,0.0,0.0,0.0,0.21351419241396635,0.0791586565645143,0.0,0.0,0.0
OTU_20,0.0,1.2527964205816555,0.7622273978403558,0.0,0.8210180623973727,0.2435206122803966,0.5657708628005658,1.2195121951219512,0.0,0.0,0.0,0.0,0.0,0.0,0.0,0.0,0.43519394512771997,0.0,0.0,0.0,0.031139713514635667,0.0,0.0,2.238538681948424,0.010166734444896299,0.0,0.0,1.4066817382567194,0.23747596969354293,0.0,0.0,0.0
OTU_47,0.0,0.014914243102162566,0.0,0.0,0.0,0.0,0.0,0.0,0.0,0.0,0.0,0.0,0.0,0.0,0.0,0.0,3.084200567644276,0.0,0.0,0.07501875468867217,0.031139713514635667,0.0,0.0,2.7489255014326646,0.010166734444896299,0.0,0.0,0.0,0.0,0.0,0.0,0.0
OTU_60,0.0,0.0,0.0,0.0,0.012631047113805735,0.0,0.0,0.0,0.012017786323759164,0.0,0.0,0.0,0.0,0.0,0.0,0.0,3.897824030274361,0.0,0.0,0.0,0.010379904504878554,0.0,0.0,1.799785100286533,1.0370069133794226,0.0,0.0,0.0,0.0,0.0,0.015218383807639629,0.0
OTU_37,0.0,2.401193139448173,1.270378996400593,0.0,0.8968043450802071,1.42633501478518,0.30645921735030646,0.4614370468029005,1.8026679485638746,0.0,0.0,0.05202011444425178,0.7681399196407469,0.017322016282695307,0.0,0.2656599552572707,0.01892147587511826,0.0,0.0,0.9252313078269567,0.280257421631721,0.0,0.0,0.2238538681948424,1.830012200081334,0.0,0.0,0.2009545340366742,0.2714011082211919,0.0,0.0,0.0
OTU_17,0.0,1.8046234153616705,0.6351894982002965,0.0,0.9473285335354301,0.2957036006261959,0.8250825082508251,1.4831905075807514,0.0,0.0,0.0,0.0,0.0,0.0,0.07233273056057866,0.0,0.510879848628193,0.0,0.0,0.0,0.010379904504878554,0.0,0.0,2.838467048710602,0.010166734444896299,0.0,0.0,1.8337101230846522,0.2600927287119756,0.0,0.0,0.0
OTU_123,0.0,0.0,0.0,0.0,0.0,0.0,0.0,0.0,0.0,0.0,0.0,0.0,0.0,0.0,0.0,0.0,0.01892147587511826,0.0,0.0,0.0,0.0,0.0,0.0,0.008954154727793696,0.0,0.0,0.0,0.0,0.0,0.0,0.0,0.0
OTU_169,0.0,0.23862788963460105,0.06351894982002965,0.0,0.0,0.08697164724299879,0.07072135785007072,0.06591957811470006,0.0,0.0,0.0,0.0,0.0,0.0,0.0,0.0,0.0,0.0,0.0,0.0,0.0,0.0,0.0,0.0,0.0,0.0,0.0,0.025119316754584276,0.13570055411059595,0.0,0.0,0.0
OTU_155,0.0,0.0,0.0,0.0,0.0,0.0,0.0,0.0,0.012017786323759164,0.0,0.0,0.0,0.0,0.0,0.0,0.0,0.05676442762535478,0.0,0.0,0.0,0.0,0.0,0.0,0.07163323782234957,0.0,0.0,0.0,0.0,0.0,0.0,0.0,0.0
OTU_21,0.0,0.0,0.0,0.0,0.0,0.017394329448599758,0.0,0.0,0.0,0.0,0.0,0.0,0.0,0.0,0.0,0.0,0.0,0.0,0.0,0.06251562890722681,0.010379904504878554,0.0,0.0,0.0,0.0,0.0,0.0,0.0,0.0,0.0,0.0,0.0
OTU_167,0.0,0.343027591349739,0.16938386618674572,0.0,0.13894151825186307,0.06957731779439903,0.16501650165016502,0.03295978905735003,0.0,0.0,0.014656309541257512,0.03468007629616785,0.0,0.0,0.0,0.0,0.0,0.0,0.0,0.0,0.3840564666805065,0.0,0.0,0.41189111747851004,0.0,0.0,0.0,0.22607385079125847,0.10177541558294696,0.0,0.0,0.0
OTU_146,0.0,0.9843400447427293,0.42345966546686425,0.0,0.30314513073133764,0.10436597669159854,0.5657708628005658,0.7580751483190508,0.0,0.0,0.0,0.017340038148083926,0.01181753722524226,0.0,0.03616636528028933,0.0,0.07568590350047304,0.0,0.0,0.025006251562890724,0.010379904504878554,0.0,0.0,0.8327363896848138,0.0,0.0,0.0,0.1004772670183371,0.06785027705529798,0.0,0.0,0.0
OTU_128,0.0,0.0,0.0,0.0,0.0,0.0,0.0,0.0,0.0,0.0,0.0,0.0,0.0,0.0,0.0,0.0,0.0,0.0,0.0,0.0,0.010379904504878554,0.0,0.0,0.0,0.0,0.0,0.0,0.0,0.0,0.0,0.0,0.0
OTU_116,0.0,0.05965697240865026,0.1270378996400593,0.0,0.06315523556902868,0.017394329448599758,0.07072135785007072,0.049439683586025046,0.0,0.0,0.0,0.0,0.0,0.0,0.0,0.0,0.0946073793755913,0.0,0.0,0.7251812953238309,0.10379904504878555,0.0,0.0,0.35816618911174786,0.0,0.0,0.0,1.2434061793519215,0.3053262467488409,0.0,0.0,0.03705991352686844
OTU_97,0.0,0.0,0.0,0.0,0.0,0.0,0.0,0.0,0.0,0.0,0.0,0.0,0.0,0.0,0.03616636528028933,0.0,0.0,0.0,0.0,0.0,0.0,0.0,0.0,0.0,0.0,0.0,0.0,0.0,0.0,0.0,0.0,0.0
OTU_379,0.0,0.02982848620432513,0.04234596654668643,0.0,0.0,0.2957036006261959,0.6129184347006129,0.18127883981542517,0.0,0.0,0.0,0.0,0.0,0.0,0.0,0.0,0.01892147587511826,0.0,0.0,0.0,0.0,0.0,0.0,0.11640401146131805,0.0,0.0,0.0,0.4898266767143934,0.1922424516566776,0.0,0.0,0.0
OTU_139,0.0,0.0,0.0,0.0,0.0,0.0,0.0,0.0,0.0,0.0,0.0,0.0,0.0,0.0,0.0,0.0,0.0,0.0,0.0,0.0,0.0,0.0,0.0,0.0,0.0,0.0,0.0,0.0,0.0,0.0,0.0,0.0
OTU_191,0.0,0.05965697240865026,0.0,0.0,0.1768346595932803,0.19133762393459733,0.0942951438000943,0.14831905075807514,0.0,0.0,0.0,0.0,0.0,0.0,0.0,0.0,0.05676442762535478,0.0,0.0,0.0,0.0,0.0,0.0,0.10744985673352435,0.0,0.0,0.0,0.0,0.0,0.0,0.0,0.0
OTU_150,0.0,0.0,0.0,0.0,0.0,0.0,0.0,0.0,0.0,0.0,0.0,0.0,0.0,0.0,0.0,0.0,0.0,0.0,0.0,0.0,0.0,0.0,0.0,0.0,0.0,0.0,0.0,0.0,0.0,0.0,0.0,0.0
OTU_120,0.0,0.0,0.0,0.0,0.0,0.0,0.0,0.0,0.012017786323759164,0.0,0.0,0.0,0.0,0.0,0.0,0.0,1.0785241248817408,0.027586206896551724,0.0,0.025006251562890724,0.031139713514635667,0.0,0.0,0.8237822349570201,0.0,0.0,0.0,0.0,0.0,0.0,0.0,0.0
OTU_337,0.0,0.0,0.0,0.0,0.0,0.017394329448599758,0.0,0.016479894528675015,0.0,0.0,0.0,0.0,0.0,0.0,0.0,0.0,0.0,0.0,0.0,0.0,0.0,0.0,0.0,0.0,0.0,0.0,0.0,0.0,0.0,0.0,0.0,0.0
OTU_282,0.0,0.1342281879194631,0.021172983273343216,0.0,0.05052418845522294,0.034788658897199516,0.04714757190004715,0.08239947264337508,0.0,0.0,0.0,0.0,0.0,0.0,0.0,0.0,0.0,0.0,0.0,0.012503125781445362,0.0,0.0,0.0,0.0,0.010166734444896299,0.0,0.0,0.0,0.0,0.0,0.0,0.0
OTU_168,0.0,0.0,0.0,0.0,0.0,0.0,0.0,0.0,0.0,0.0,0.0,0.0,0.0,0.0,0.0,0.0,0.0,0.0,0.0,0.0,0.0,0.0,0.0,0.0,0.0,0.0,0.0,0.0,0.0,0.0,0.0,0.0
OTU_178,0.0,0.0,0.0,0.0,0.0,0.0,0.0,0.0,0.0,0.0,0.0,3.1732269810993583,0.7917749940912314,0.034644032565390614,0.03616636528028933,0.0,0.01892147587511826,0.0,0.0,2.100525131282821,0.29063732613659954,0.0,0.0,0.01790830945558739,0.16266775111834078,0.0,0.0,1.004772670183371,0.45233518036865317,0.0,0.0,0.0
OTU_135,0.0,0.0,0.0,0.0,0.0,0.0,0.0,0.0,0.0,0.0,0.0,0.017340038148083926,0.0,0.0,0.0,0.0,3.216650898770104,0.027586206896551724,0.0,0.0,0.0,0.0,0.0,0.5820200573065902,0.010166734444896299,0.0,0.0,0.0,0.02261675901843266,0.0,0.0,0.0
OTU_301,0.0,0.0,0.0,0.0,0.0,0.0,0.0,0.0,0.0,0.0,0.0,0.0,0.0,0.0,0.0,0.0,0.0,0.0,0.0,0.0,0.02075980900975711,0.0,0.0,0.0,0.0,0.0,0.0,0.0,0.0,0.0,0.0,0.0
OTU_109,0.0,2.535421327367636,2.074952360787635,0.0,2.0841227737779464,2.365628805009567,1.1315417256011315,1.7633487145682267,0.0,0.0,0.0,0.0,0.0,0.0,0.0,0.0,0.7757805108798487,0.0,0.0,0.012503125781445362,0.0,0.0,0.0,0.14326647564469913,0.0,0.0,0.0,0.0,0.0,0.0,0.0,0.0
OTU_470,0.0,0.1342281879194631,0.08469193309337286,0.0,0.05052418845522294,0.017394329448599758,0.07072135785007072,0.06591957811470006,0.0,0.0,0.0,0.0,0.0,0.0,0.0,0.0,0.0946073793755913,0.0,0.0,0.0,0.0,0.0,0.0,0.2328080229226361,0.0,0.015578750584203147,0.0,0.0,0.0,0.0,0.0,0.0
OTU_1059,0.0,0.0,0.0,0.0,0.0,0.0,0.0,0.0,0.0,0.0,0.0,0.0,0.0,0.0,0.0,0.0,1.173131504257332,0.0,0.0,0.0,0.0,0.0,0.0,0.1969914040114613,0.0,0.0,0.0,0.0,0.0,0.0,0.0,0.0
OTU_220,0.0,0.0,0.0,0.0,0.0,0.0,0.0,0.0,0.0,0.0,0.0,0.0,0.0,0.0,0.0,0.0,0.0,0.0,0.0,0.0,0.0,0.0,0.0,0.0,0.0,0.0,0.0,0.0,0.0,0.0,0.0,0.0
OTU_136,0.0,0.0,0.0,0.0,0.0,0.0,0.0,0.0,0.0,0.0,0.0,0.0,0.0,0.0,0.0,0.0,0.0,0.0,0.0,0.0,0.0,0.0,0.0,0.0,0.0,0.0,0.0,0.0,0.0,0.0,0.0,0.0
OTU_25,0.01680672268907563,0.0,0.0,0.0,0.0,0.0,0.0,0.0,0.0,0.0,0.0,0.0,0.0,0.0,0.0,0.0,0.0,0.0,0.0,0.0,0.0,0.023236900197513653,0.01918649270913277,0.0,0.0,0.0,0.0,0.0,0.0,0.0,0.0,0.0
OTU_157,0.0,0.0,0.0,0.0,0.0,0.0,0.0,0.0,0.0,0.0,0.0,0.10404022888850356,1.1108484991727723,0.0,0.0,0.0,0.0,0.0,0.0,0.012503125781445362,0.3425368486609923,0.0,0.0,0.0,0.0,0.0,0.0,0.2009545340366742,0.0791586565645143,0.0,0.0,0.0
OTU_181,0.0,0.0,0.0,0.0,0.0,0.0,0.0,0.0,0.0,0.0,0.0,0.0,0.0,0.0,0.0,0.0,0.0,0.0,0.0,0.0,0.0,0.0,0.0,0.0,0.0,0.0,0.0,0.0,0.0,0.0,0.0,0.0
OTU_237,0.0,0.0,0.0,0.0,0.0,0.0,0.0,0.0,0.0,0.0,0.0,0.0,0.0,0.0,0.0,0.0,0.26490066225165565,0.0,0.0,0.0,0.0,0.0,0.0,0.13431232091690545,0.0,0.0,0.0,0.0,0.0,0.0,0.0,0.0
OTU_196,0.0,0.0,0.0,0.0,0.0,0.0,0.0,0.0,0.0,0.0,0.0,0.0,0.0,0.0,0.0,0.0,0.0,0.0,0.0,0.0,0.010379904504878554,0.0,0.0,0.0,0.0,0.0,0.0,0.0,0.0,0.0,0.0,0.0
OTU_134,0.0,1.2080536912751678,1.3550709294939658,0.0,2.0083364910951116,1.2002087319533832,1.1786892975011787,1.5491100856954516,0.0,0.0,0.0,0.0,0.0,0.017322016282695307,0.0,0.0,0.26490066225165565,0.0,0.0,0.0,0.0,0.0,0.0,0.06267908309455587,0.0,0.0,0.0,0.0,0.0,0.009823182711198428,0.0,0.0
OTU_162,0.5714285714285714,0.0,0.0,0.0,0.0,0.0,0.0,0.0,0.2884268717702199,0.0,0.0,0.0,0.0,0.0,0.0,0.0,0.01892147587511826,0.0,0.0,0.0,0.0,0.0,0.0,0.08954154727793696,0.0,0.0,0.0,0.0,0.0,0.0,0.0,0.7535515750463249
OTU_171,0.01680672268907563,0.0,0.0,0.0,0.0,0.0,0.0,0.0,0.0,0.0,0.0,0.0,0.0,0.0,0.0,0.0,0.0,0.0,0.0,0.0,0.0,0.0,0.0,0.0,0.0,0.0,0.0,0.0,0.0,0.0,0.0,0.012353304508956145
OTU_61,0.0,0.44742729306487694,0.9316112640271014,0.0,0.8841732979664014,0.19133762393459733,0.6600660066006601,1.2195121951219512,0.0,0.0,0.0,0.2601005722212589,0.3781611912077523,0.017322016282695307,0.03616636528028933,0.0,0.0,0.0,0.0,3.875968992248062,1.5466057712269048,0.0,0.0,0.0,0.0,0.015578750584203147,0.0,1.544837980406933,0.9499038787741717,0.0,0.0,0.0
OTU_81,0.0,0.07457121551081283,0.08469193309337286,0.0,0.012631047113805735,0.034788658897199516,0.2593116454502593,0.06591957811470006,0.02403557264751833,0.0,0.0,0.0,0.0,0.0,0.03616636528028933,0.0,0.0,0.0,0.0,0.0,0.29063732613659954,0.0,0.0,0.0,0.0,0.015578750584203147,0.0,0.18839487565938207,0.1583173131290286,0.0,0.0,0.0
OTU_153,0.0,0.0,0.0,0.0,0.0,0.0,0.0,0.0,0.0,0.0,0.0,0.0,0.0,0.0,0.0,0.0,0.0,0.0,0.0,0.0,0.02075980900975711,0.0,0.0,0.01790830945558739,0.0,0.0,0.0,0.0,0.0,0.0,0.0,0.0
OTU_122,0.0,0.0,0.0,0.0,0.0,0.0,0.0,0.0,0.0,0.0,0.0,0.0,0.0,0.0,0.0,0.0,0.0,0.0,0.01592610288262462,0.037509377344336084,0.031139713514635667,0.0,0.0,0.0,0.0,0.0,0.0,0.0,0.0,0.0,0.0,0.012353304508956145
OTU_212,0.0,0.0,0.021172983273343216,0.0,0.0,0.06957731779439903,0.0,0.0,0.0,0.012365524916532707,0.0,0.0,0.0,0.0,0.0,0.0,0.0,0.0,0.0,0.0,0.0,0.0,0.0,0.0,0.0,0.0,0.0,0.0,0.0,0.0,0.0,0.0
OTU_43,0.0,0.05965697240865026,0.10586491636671606,2.7120717781402934,0.0,0.3304922595233954,0.0942951438000943,0.09887936717205009,28.31390457877659,3.9940645480400643,96.1014216620255,2.8957863707300158,0.07090522335145355,0.3810843582192967,0.8318264014466547,18.568232662192393,0.0,0.05517241379310345,0.047778308647873864,0.0,0.0,0.0,0.0,0.026862464183381087,6.222041480276535,0.5140987692787038,0.07189072609633357,0.0,0.01130837950921633,0.0,0.0,0.0
OTU_140,0.01680672268907563,0.07457121551081283,0.021172983273343216,0.0,0.0,0.15654896503739782,0.07072135785007072,0.18127883981542517,0.0,0.0,0.0,0.0,0.0,0.0,0.0,0.0,0.01892147587511826,0.0,0.0,0.0,0.0,0.0,0.0,0.06267908309455587,0.0,0.0,0.0,0.28887214267771916,0.36186814429492253,0.0,0.0,0.0
OTU_207,0.0,0.0,0.021172983273343216,0.0,0.0,0.0,0.0,0.0,0.0,0.0,0.0,0.0,0.0,0.0,0.0,0.0,0.0,0.0,0.0,0.0,0.0,0.0,0.0,0.0,0.0,0.0,0.0,0.0,0.0,0.0,0.0,0.0
OTU_53,3.73109243697479,0.0,0.04234596654668643,0.0,0.0,0.0,0.023573785950023574,0.0,0.0,0.012365524916532707,0.0,0.0,0.0,0.0,0.0,0.0,0.01892147587511826,0.0,0.0,0.0,0.0,0.0,0.0,0.2328080229226361,0.0,0.0,0.0,0.0,0.0,0.0,0.0,16.70166769610871
OTU_154,0.0,0.0,0.0,0.0,0.0,0.0,0.0,0.0,0.0,0.0,0.0,0.0,0.0,0.0,0.0,0.0,0.0,0.0,0.0,0.012503125781445362,0.0,0.0,0.0,0.0,0.0,0.0,0.0,0.0,0.0,0.0,0.0,0.0
OTU_163,0.0,0.0,0.0,0.0,0.0,0.0,0.0,0.0,0.0,0.0,0.0,0.0,0.0,0.0,0.0,0.0,0.0,0.0,0.0,0.0,0.0,0.0,0.0,0.0,0.0,0.0,0.0,0.0,0.0,0.0,0.0,0.0
OTU_186,2.2857142857142856,0.07457121551081283,0.021172983273343216,0.0,0.037893141341417205,0.05218298834579927,0.07072135785007072,0.06591957811470006,0.0,0.0,0.0,0.0,0.0590876861262113,0.0,0.0,0.0,0.0,0.0,0.0,0.0,0.3632966576707494,0.0,0.0,0.4387535816618911,0.0,0.0,0.0,0.6907812107510676,0.3392513852764899,0.0,0.0,1.865348980852378
OTU_106,0.0,0.0,0.0,0.0,0.0,0.0,0.0,0.0,16.95709650282418,0.0,0.0,0.0,0.0,0.0,0.0,9.787472035794183,0.0,0.0,0.01592610288262462,0.0,0.0,0.0,0.0,0.008954154727793696,6.303375355835706,0.0,0.0,0.0,0.0,0.0,0.0,0.012353304508956145
OTU_485,0.0,0.0,0.0,0.0,0.0,0.0,0.0,0.0,0.0,0.0,0.0,0.0,0.0,0.0,0.0,0.0,0.0,0.0,0.0,0.0,0.0,0.0,0.0,0.0,0.0,0.0,0.0,0.0,0.0,0.0,0.0,0.0
OTU_129,0.0,0.0,0.0,0.0,0.0,0.0,0.0,0.0,0.0,0.0,0.0,0.0,0.0,0.0,0.0,0.0,0.0,0.0,0.0,0.0,0.0,0.0,0.0,0.0,0.010166734444896299,0.0,0.0,0.0,0.0,0.0,0.0,0.0
OTU_98,0.0,0.014914243102162566,0.2752487825534618,0.0,0.0,0.06957731779439903,0.04714757190004715,0.0,0.06008893161879582,0.0,0.0,0.0,0.0,0.0,0.0,0.0,0.15137180700094607,0.0,0.0,0.0,0.010379904504878554,0.0,0.0,0.14326647564469913,0.15250101667344448,0.0,0.0,0.0,0.0,0.0,0.0,0.0
OTU_95,0.0,0.0,0.0,0.0,0.0,0.0,0.0,0.0,0.0,0.0,0.0,0.0,0.0,0.0,0.0,0.0,0.0,0.0,0.0,0.0,0.0,0.0,0.0,0.0,0.0,0.0,0.0,0.0,0.0,0.0,0.0,0.0
OTU_93,0.0,0.0,0.1482108829134025,0.0,0.0,0.0,0.16501650165016502,0.11535926170072512,0.0,0.012365524916532707,0.0,0.6415814114791053,0.01181753722524226,0.0,0.0,0.0,0.7000946073793756,0.0,0.01592610288262462,0.025006251562890724,0.062279427029271334,0.0,0.0,0.04477077363896848,0.0,0.31157501168406293,0.0,1.4066817382567194,6.796336085039014,0.0,0.0,0.0
OTU_164,0.0,0.0,0.0,0.0,0.0,0.0,0.0,0.0,0.0,0.0,0.0,0.0,0.0,0.0,0.0,0.0,0.0,0.0,0.0,0.0,0.0,0.0,0.0,0.0,0.0,0.0,0.0,0.0,0.0,0.0,0.0,0.0
OTU_820,0.0,0.0,0.0,0.0,0.0,0.0,0.0,0.0,0.0,0.0,0.0,0.0,0.0,0.0,0.0,0.0,0.0,0.0,0.0,0.0,0.0,0.0,0.0,0.03581661891117478,0.0,0.0,0.0,0.0,0.0,0.0,0.0,0.0
OTU_112,0.0,0.3131991051454139,0.06351894982002965,0.0,0.05052418845522294,0.1217603061401983,0.30645921735030646,0.4614370468029005,0.0,0.0,0.0,0.0,0.0,0.0,0.0,0.0,0.0946073793755913,0.0,0.0,0.1625406351587897,0.02075980900975711,0.0,0.0,0.5372492836676218,0.0,0.0,0.0,0.012559658377292138,0.0,0.0,0.0,0.02470660901791229
OTU_84,0.0,0.0,0.0,0.0,0.0,0.0,0.023573785950023574,0.0,0.0,0.0,0.0,0.0,0.0,0.0,0.0,0.0,0.0,0.0,0.0,0.025006251562890724,0.010379904504878554,0.0,0.0,0.0,0.0,0.0,0.0,0.0,0.0,0.0,0.0,0.0
OTU_613,0.0,0.0,0.0,0.0,0.0,0.0,0.0,0.0,0.0,0.0,0.0,0.0,0.0,0.0,0.0,0.0,0.0,0.0,0.0,0.0,0.0,0.0,0.0,0.0,0.0,0.0,0.0,0.0,0.0,0.0,0.0,0.0
OTU_189,0.0,0.014914243102162566,0.0,0.0,0.0,0.017394329448599758,0.0,0.0,0.0,0.0,0.0,1.3351829374024622,0.2599858189553297,0.0,0.0,0.0,0.03784295175023652,0.0,0.0,0.30007501875468867,0.280257421631721,0.0,0.0,0.14326647564469913,0.0,0.0,0.0,0.22607385079125847,0.056541897546081646,0.0,0.0,0.0
OTU_185,0.0,0.0,0.0,0.0,0.0,0.0,0.0,0.0,0.0,0.0,0.0,0.0,0.0,0.0,0.0,0.0,0.0,0.0,0.0,0.0,0.0,0.0,0.0,0.0,0.0,0.0,0.0,0.0,0.0,0.0,0.0,0.0
OTU_138,0.0,0.0,0.0,0.0,0.0,0.0,0.0,0.0,0.0,0.0,0.0,0.0,0.0,0.0,0.0,0.0,0.0,0.0,0.0,0.0,0.0,0.0,0.0,0.0,0.0,0.0,0.0,0.0,0.0,0.0,0.0,0.0
OTU_231,0.0,0.0,0.0,0.0,0.0,0.0,0.0,0.0,0.0,0.0,0.0,0.0,0.0,0.0,0.0,0.0,0.0,0.0,0.0,0.0,0.0,0.0,0.0,0.0,0.0,0.0,0.0,0.0,0.0,0.0,0.0,0.0
OTU_76,9.630252100840336,0.0,0.0,0.0,0.0,0.0,0.0,0.0,0.0,0.0,0.0,0.0,0.0,0.0,0.0,0.0,0.0,0.0,0.0,0.0,0.0,0.0,0.0,0.0,0.0,0.0,0.0,0.0,0.0,0.0,19.768680566123876,8.659666460778258
OTU_127,0.01680672268907563,0.0447427293064877,0.0,0.0,0.037893141341417205,0.017394329448599758,0.023573785950023574,0.016479894528675015,0.012017786323759164,0.0,0.0,0.0,0.0,0.0,0.0,0.013982102908277404,0.01892147587511826,0.1103448275862069,0.01592610288262462,0.7126781695423856,0.4774756072244135,0.0,0.009593246354566385,0.0,0.0,0.0,0.0,0.025119316754584276,0.01130837950921633,0.0,0.0,0.012353304508956145
OTU_205,0.0,0.0,0.0,0.020391517128874388,0.0,0.017394329448599758,0.023573785950023574,0.0,0.7451027520730681,0.04946209966613083,0.32243880990766527,0.0,0.0,0.051966048848085915,0.03616636528028933,0.013982102908277404,0.0,0.027586206896551724,0.0,0.0,0.0,0.0,0.0,0.0,0.0,0.0,0.05391804457225018,0.0,0.02261675901843266,0.0,0.0,0.0
OTU_59,0.0,0.0,0.0,0.0,0.0,0.0,0.0,0.0,0.0,0.0,0.0,25.43783596323912,11.699361852989837,0.051966048848085915,0.0,0.0,0.0,0.0,0.01592610288262462,11.827956989247312,8.667220261573593,0.011618450098756826,0.0,0.0,0.0,0.0,0.017972681524083392,0.07535795026375283,0.3505597647857062,0.0,0.0,0.0
OTU_143,0.0,0.0,0.0,0.0,0.0,0.0,0.0,0.0,0.0,0.0,0.0,0.0,0.0,0.0,0.0,0.0,0.0,0.0,0.0,0.0,0.0,0.0,0.0,0.0,0.0,0.0,0.0,0.0,0.0,0.0,0.0,0.0
OTU_464,0.0,0.0,0.0,0.0,0.0,0.0,0.0,0.0,0.0,0.0,0.0,0.0,0.0,0.0,0.0,0.0,0.03784295175023652,0.0,0.0,0.06251562890722681,0.031139713514635667,0.0,0.0,0.11640401146131805,0.0,0.0,0.0,0.0,0.0,0.0,0.0,0.0
OTU_96,0.0,2.684563758389262,5.632013550709295,0.0,1.4020462296324365,2.4526004522525655,1.1315417256011315,2.5873434410019778,0.0,0.0,0.0,0.0,0.0,0.0,0.0,0.0,0.9839167455061495,0.0,0.0,0.0,0.031139713514635667,0.0,0.0,1.002865329512894,0.010166734444896299,0.0,0.0,0.0,0.01130837950921633,0.009823182711198428,0.0,0.0
OTU_219,0.0,0.0,0.0,0.0,0.0,0.0,0.0,0.0,0.0,0.0,0.014656309541257512,0.0,0.0,0.0,0.03616636528028933,0.013982102908277404,0.0,0.027586206896551724,0.0,0.012503125781445362,0.0,0.0,0.0,0.0,0.0,0.0,0.0,0.0,0.0,0.0,0.0,0.0
OTU_249,0.0,0.0,0.0,0.0,0.0,0.017394329448599758,0.0,0.016479894528675015,0.0,0.0,0.0,0.0,0.0,0.0,0.0,0.0,0.0,0.0,0.0,0.0,0.0,0.0,0.0,0.0,0.0,0.0,0.0,0.0,0.01130837950921633,0.0,0.0,0.0
OTU_509,0.0,0.014914243102162566,0.0,0.0,0.0,0.0,0.0,0.0,0.0,0.0,0.0,0.0,0.0,0.0,0.0,0.0,5.695364238410596,0.027586206896551724,0.0,0.0,0.010379904504878554,0.0,0.0,1.6475644699140402,0.0,0.0,0.0,0.0,0.0,0.0,0.0,0.0
OTU_240,0.0,0.0,0.0,0.0,0.0,0.0,0.0,0.0,0.0,0.0,0.0,0.0,0.0,0.0,0.0,0.0,0.0,0.0,0.0,0.0,0.0,0.0,0.0,0.0,0.0,0.0,0.0,0.0,0.0,0.0,0.0,0.0
OTU_1141,0.0,0.0,0.0,0.0,0.02526209422761147,0.3304922595233954,0.07072135785007072,0.0,0.0,0.0,0.0,0.0,0.0,0.0,0.0,0.0,0.0,0.0,0.0,0.0,0.0,0.0,0.0,0.0,0.0,0.0,0.0,0.0,0.0,0.0,0.0,0.0
OTU_173,0.0,0.0,0.0,0.0,0.02526209422761147,0.20873195338319708,0.0,0.0,0.0,0.0,0.0,0.0,0.0,0.0,0.0,0.0,0.0,0.0,0.0,0.0,0.0,0.0,0.0,0.0,0.0,0.0,0.0,0.0,0.0,0.0,0.0,0.0
OTU_202,0.0,0.0,0.0,0.0,0.02526209422761147,0.05218298834579927,0.023573785950023574,0.0,0.0,0.0,0.0,0.0,0.0,0.0,0.0,0.0,0.0,0.0,0.0,0.0,0.0,0.0,0.0,0.0,0.0,0.0,0.0,0.0,0.0,0.0,0.0,0.0
OTU_227,0.0,0.0,0.0,0.0,0.0,0.017394329448599758,0.023573785950023574,0.0,0.0,0.0,0.0,0.0,0.0,0.0,0.0,0.0,0.0,0.0,0.0,0.0,0.0,0.0,0.0,0.0,0.0,0.0,0.0,0.0,0.0,0.0,0.0,0.0
