#OTUId,91.AVd_170,84.AVd_110,82.AVd_109,80.AVd_108,78.AVd_291,76.AVd_299,72.AVd_293,70.AVd_176,68.AVd_171,66.AVd_168,64.AVd_153,62.AVd_147,60.AVd_151,56.AVd_98,121.AVd_310,119.AVd_309,117.AVd_290,115.AVd_294,110.AVd_308,109.AVd_307,108.AVd_306,107.AVd_312
OTU_3,0.009301460329271696,20.834832673623605,13.833741274589793,20.24057158361219,0.007017543859649123,10.194460813199765,5.791131572570874,0.014020329477742727,0.008499065102838687,0.04625346901017576,0.0342407122068139,0.0,0.02106593638087213,21.098552448939124,0.0,3.6178861788617884,0.013877324451845684,0.0,1.7169923031379515,0.0,2.8467437930586246,0.01108278842956888
OTU_4,0.0,23.497661029147174,54.573474752968906,20.74703807542733,0.007017543859649123,0.25535258298958946,0.1574993942330991,0.0070101647388713636,0.016998130205677375,0.057816836262719704,0.0684814244136278,0.0,0.02106593638087213,24.20186396985921,0.03416078342063311,0.13550135501355012,0.0,0.0,0.9236234458259325,1.0475617098133654,1.1049005589496945,0.2881524991687909
OTU_7,0.009301460329271696,27.743792731198273,18.05819961925483,25.585601881161256,0.0,0.0,0.2786527744124061,0.0,0.0,0.03469010175763182,0.05136106831022085,0.0,0.0,25.024786833234185,0.0,0.0,0.013877324451845684,0.0,0.0,0.0,0.0,0.0
OTU_24,0.6697051437075621,3.8143216984526807,2.0940984498232256,4.684815049290043,0.11929824561403508,0.4812414064034571,0.4603828446813666,1.2688398177357167,3.6885942546319903,0.7747456059204441,0.7190549563430919,0.6678383128295254,1.0111649462818622,5.790204243505849,0.7059895240264177,0.36585365853658536,1.484873716347488,2.4398910339926565,1.4801657785671996,1.143889223359422,0.8579227869491746,0.6317189404854261
OTU_1,7.431866803088085,6.288233177401943,3.589883056839815,8.564710138373881,16.736842105263158,9.359654291887646,4.797673855100557,18.387662110059587,8.61805201427843,12.916281221091582,0.01712035610340695,0.08787346221441125,0.04213187276174426,8.19948443386873,7.663402414028695,13.848238482384824,20.233139050791006,31.908089541632123,9.283599763173475,10.45153521974714,12.478876901078904,12.523550925412835
OTU_30,2.2416519393544787,6.818999640158331,3.0187652977971173,6.195170480238763,0.7298245614035088,0.3044588489491259,0.3513448025199903,1.5212057483350858,0.7309195988441272,1.0522664199814986,0.01712035610340695,0.1054481546572935,0.08426374552348852,5.512591711282966,0.35299476201320884,0.27100271002710025,0.0,0.0,0.6512729425695678,0.3732691149909693,0.545950864422202,0.4211459603236174
OTU_580,0.0,2.2939906441165885,0.6436406490798658,2.6770371710228815,1.8526315789473684,0.17678255745433116,0.1574993942330991,0.0,0.0,0.0,0.01712035610340695,0.05272407732864675,0.02106593638087213,1.2988300614713464,0.14803006148941017,0.06775067750677506,0.0,0.011844131232974061,0.0,0.060204695966285374,0.012998830105290524,0.2659869223096531
OTU_36,2.3997767649520974,0.05397625044980209,0.22663403136614993,1.1305055620873654,2.5543859649122806,1.090159104301709,1.3448025199903078,0.5257623554153522,1.8612952575216726,1.341350601295097,1.9517205957883923,3.0755711775043935,2.422582683800295,2.111838191552647,0.6490548849920291,2.1951219512195124,0.6244796003330558,2.7715267085159305,1.7761989342806395,2.6730885009030705,1.1568958793708566,2.848276626399202
OTU_68,0.05580876197563017,2.5638718963655993,0.9518629317378298,2.3243194356516232,0.07719298245614035,0.12767629149479473,0.1090380421613763,0.03505082369435682,0.12748597654258031,0.06938020351526364,0.1712035610340695,0.070298769771529,0.16852749104697703,0.3271861986912552,0.04554771122751082,0.05420054200542006,0.3469331112961421,0.3316356745232737,0.035523978685612786,0.060204695966285374,0.012998830105290524,0.09974509586611992
OTU_88,0.27904380987815086,0.5487585462396546,0.17224186383827395,0.5788188477887312,0.10526315789473684,0.21606757022196033,0.0848073661255149,0.09814230634419908,0.23797382287948327,0.15032377428307123,0.0,0.0,0.0,0.3271861986912552,0.20496470052379867,0.1897018970189702,0.33305578684429643,0.1776619684946109,0.11841326228537596,0.07224563515954245,0.11698947094761472,0.09974509586611992
OTU_22,0.0,1.2774379273119827,0.7977517904088478,1.9896897892737633,0.3298245614035088,1.6303280298566096,0.8601889992730797,1.5842972309849281,3.1701512833588303,1.1100832562442182,0.4108885464817668,0.43936731107205623,0.800505582473141,2.1614118580210193,0.4668640400819859,0.5691056910569106,0.4301970580072162,1.172568992064432,0.46181172291296624,0.3973509933774834,0.10399064084232419,0.6982156710628394
OTU_28,0.15812482559761884,1.547319179560993,0.4442027014776539,0.7687437822194085,0.028070175438596492,0.02946375957572186,0.1453840562151684,0.14020329477742727,0.3059663437021928,0.13876040703052728,0.0,0.0,0.0,0.8526670632559984,0.011386927806877705,0.0,0.31917846239245073,0.31979154329029963,0.05920663114268798,0.012040939193257074,0.0,0.01108278842956888
OTU_210,0.0,0.44080604534005036,0.2991569214033179,0.5245545808085376,0.0,0.0,0.0242306760358614,0.0,0.0,0.0,0.0,0.0,0.0,0.1090620662304184,0.0,0.0,0.0,0.0,0.0,0.0,0.0,0.0
OTU_102,0.12091898428053205,1.0795250089960418,0.8068171516634938,0.5697748032920322,0.021052631578947368,0.06874877234335101,0.2301914223406833,0.3014370837714686,1.1218765935747068,0.16188714153561518,0.29104605375791814,0.0351493848857645,0.10532968190436065,1.8143961927424153,0.02277385561375541,0.05420054200542006,0.20815986677768525,0.8646215800071064,0.035523978685612786,0.048163756773028296,0.07799298063174315,0.01108278842956888
OTU_148,0.0,0.30586541921554516,0.19943794760221195,0.09044044496698923,0.0,0.0,0.0242306760358614,0.0,0.0,0.0,0.0,0.0,0.0,0.446162998215348,0.0,0.0,0.12489592006661115,0.4619211180859884,0.0,0.012040939193257074,0.0,0.01108278842956888
OTU_5,19.85861780299507,0.04498020870816841,0.009065361254645998,0.0,14.08421052631579,15.41936751129444,8.068815119941846,22.62180161233789,10.29236783953765,15.529602220166513,1.712035610340695,5.764499121265378,1.116494628186223,0.0,3.7462992484627646,2.168021680216802,2.0122120455176242,12.021793201468672,4.511545293072825,1.1077664057796508,1.143897049265566,0.3768148066053419
OTU_32,2.9113570830620406,0.0,0.0,0.04522022248349462,2.9543859649122806,1.6990768021999607,1.2599951538647929,1.3249211356466877,1.8018018018018018,2.798334875115634,0.1369628488272556,0.45694200351493847,0.2738571729513377,0.0,0.8767934411295832,0.7723577235772358,0.0,0.0,0.2841918294849023,0.12040939193257075,0.09099181073703366,0.554139421478444
OTU_572,0.0,0.4767902123065851,0.14504578007433597,0.4974224473184408,0.5052631578947369,0.009821253191907287,0.0242306760358614,0.0,0.0,0.0,0.0,0.0,0.0,0.4263335316279992,0.03416078342063311,0.013550135501355014,0.0,0.0,0.011841326228537596,0.012040939193257074,0.0,0.1108278842956888
OTU_23,2.0649241930983164,0.0,0.0,0.0,0.0,0.0,0.0,1.8997546442341395,2.5072242053374127,4.4865864939870495,0.42800890258517377,2.0035149384885766,1.2218243100905835,0.0,0.42131632885447506,0.2981029810298103,2.4424091035248403,1.4212957479568873,0.3907637655417407,0.20469596628537026,0.14298713115819575,0.23273855702094648
OTU_14,5.70179518184355,0.0,0.009065361254645998,0.0,3.2842105263157895,3.0642309958750737,2.1565301671916646,1.5702769015071854,2.5922148563658,3.0296022201665127,0.15408320493066255,0.26362038664323373,0.2106593638087213,0.0,1.0589842860396266,0.8807588075880759,0.0,0.0,0.47365304914150386,0.45755568934376883,0.4419602235798778,1.0306993239499058
OTU_596,1.1161752395126034,0.0,0.0,0.0,0.17543859649122806,0.4910626595953644,0.3149987884661982,1.0865755345250614,0.38245792962774094,1.1100832562442182,0.0,0.0,0.0,0.0,0.17080391710316556,0.10840108401084012,0.0,0.0,0.10657193605683836,0.07224563515954245,0.038996490315871574,0.07757951900698215
OTU_19,0.2232350479025207,0.0,0.0,0.009044044496698924,3.0456140350877194,1.2865841681398547,0.7148049430579113,0.3505082369435682,0.04249532551419344,0.35846438482886217,0.29104605375791814,1.687170474516696,0.02106593638087213,0.0,0.5693463903438852,0.27100271002710025,0.0,0.0,0.3433984606275903,0.15653220951234195,0.11698947094761472,0.14407624958439544
OTU_156,0.11161752395126034,0.0,0.0,0.0,0.0,0.0,0.0,0.11216263582194182,0.0764915859255482,0.20814061054579094,0.0,0.0,0.0,0.0,0.11386927806877704,0.06775067750677506,0.0,0.0,0.047365304914150384,0.0,0.012998830105290524,0.09974509586611992
OTU_64,0.26044088921960745,0.035984166966534725,0.0,0.009044044496698924,0.0,0.0,0.0121153380179307,0.48370136698212407,16.029236783953767,0.01156336725254394,0.0,0.0,0.0,0.0,0.0,0.0,0.0,0.0,0.023682652457075192,0.012040939193257074,0.0,0.4433115371827552
OTU_39,0.8371314296344526,0.0,0.0,0.0,1.592982456140351,0.0,0.0,1.6684192078513844,0.9348971613122556,1.4454209065679926,0.0,0.01757469244288225,0.0,0.009914733293674401,0.2505124117513095,0.0,0.0,0.0,0.07104795737122557,0.1444912703190849,0.3249707526322631,0.0
OTU_439,0.0,0.10795250089960418,0.054392167527875984,0.04522022248349462,0.0,0.0,0.0,0.0,0.0,0.0,0.0,0.0,0.0,0.17846519928613921,0.011386927806877705,0.0,0.0,0.0,0.011841326228537596,0.012040939193257074,0.025997660210581048,0.0
OTU_118,0.2046321272439773,0.0,0.0,0.0,0.0,0.009821253191907287,0.0,0.3014370837714686,0.5269420363759987,0.13876040703052728,0.0,0.0,0.0,0.0,0.0,0.06775067750677506,0.0,0.0,0.0,0.13245033112582782,0.0,0.09974509586611992
OTU_1331,3.6740768300623197,0.008996041741633681,0.009065361254645998,0.0,0.0,0.0,0.0,3.0564318261479144,4.071052184259732,3.8506012950971322,0.0,0.0,0.0,0.0,0.614894101571396,2.046070460704607,0.0,0.0,0.6275902901124926,1.0596026490066226,0.8319251267385935,2.1943921090546383
OTU_35,2.0742256534275882,0.0,0.0,0.0,1.312280701754386,1.1785503830288744,0.7996123091834262,0.49071153172099546,0.9178990311065782,1.1216466234967624,0.01712035610340695,0.19332161687170474,0.14746155466610492,0.0,0.2846731951719426,0.3523035230352303,0.0,0.0,0.2605091770278271,0.10836845273931367,0.2599766021058105,0.3768148066053419
OTU_73,0.2418379685610641,0.0,0.0,0.0,0.0,0.009821253191907287,0.0,1.8647038205397828,3.9265680775114737,1.5148011100832564,0.1027221366204417,0.0351493848857645,0.0,0.0,0.0,0.0,0.0,0.0,0.011841326228537596,0.024081878386514148,0.0,0.0
OTU_13,0.0,0.0,0.0,0.01808808899339785,3.6280701754385967,2.3669220192496563,2.3140295614247637,0.028040658955485454,0.008499065102838687,0.01156336725254394,0.7190549563430919,1.8629173989455186,2.0433958289445964,0.019829466587348802,3.2111136415395127,4.119241192411924,0.0,0.0,2.060390763765542,2.0710415412402168,0.38996490315871574,1.0750304776681814
OTU_27,0.5766905404148451,0.0,0.0,0.01808808899339785,0.06315789473684211,0.5107051659791789,0.1696147322510298,1.289870311952331,0.38245792962774094,0.7978723404255319,0.18832391713747645,0.6151142355008787,0.4213187276174426,0.009914733293674401,0.14803006148941017,0.39295392953929537,0.0,0.0,0.24866785079928952,0.16857314870559903,0.2859742623163915,0.08866230743655104
OTU_57,0.35345549251232444,0.0,0.0,0.08139640047029031,0.3508771929824561,0.3830288744843842,0.3513448025199903,0.8131791097090781,0.6204317525072242,1.6766882516188715,0.0,0.12302284710017575,0.0,0.0,0.5579594625370076,0.46070460704607047,0.0,0.0,0.14209591474245115,0.13245033112582782,0.3119719225269726,0.554139421478444
OTU_289,0.29764673053669427,0.008996041741633681,0.0,0.0,0.45614035087719296,0.40267138086819876,0.8238429852192877,0.8552400981423064,2.940676525582186,1.1563367252543941,0.684814244136278,1.124780316344464,0.800505582473141,0.0,0.09109542245502164,0.17615176151761516,0.0,0.0,0.035523978685612786,0.12040939193257075,0.09099181073703366,0.07757951900698215
OTU_1063,1.4882336526834714,0.0,0.0,0.0,2.3228070175438598,2.1704969554115103,0.0726920281075842,1.0164738871363477,1.1388747237803842,1.7229417206290472,0.7704160246533128,0.8260105448154658,1.8959342742784917,0.0,0.5921202459576407,0.4742547425474255,0.0,0.0,0.0,0.25285972305839854,0.5849473547380736,1.196941150393439
OTU_99,1.9998139707934146,0.0,0.0,0.0,0.0,0.05892751915144372,0.121153380179307,0.7570977917981072,0.17848036715961244,0.18501387604070305,0.0,0.0,0.0,0.0,0.0,0.0,0.0,0.0,0.0,0.0,0.0,0.0
OTU_15,5.199516324062878,0.017992083483267363,0.009065361254645998,0.009044044496698924,2.0982456140350876,1.4240817128265566,1.138841773685486,4.500525762355416,2.1842597314295427,4.567530064754856,0.3766478342749529,0.3163444639718805,0.16852749104697703,0.0,0.9109542245502164,0.7181571815718157,1.359977796280877,0.781712661376288,0.6986382474837182,0.7104154124021673,0.8579227869491746,0.6982156710628394
OTU_52,0.0,0.0,0.0,0.0,0.0,0.0,0.0,0.0,0.0,0.0,2.362609142270159,1.5114235500878734,1.8959342742784917,0.0,0.0,0.0,0.0,0.0,0.0,0.0,0.0,0.0
OTU_12,4.966979815831086,0.008996041741633681,0.0,0.0,0.0,0.009821253191907287,0.0,3.70136698212408,4.623491415944246,5.793246993524514,0.0,0.0,0.0,0.0,1.047597358232749,2.6287262872628725,0.0,0.0,0.8170515097690941,1.3606261288380495,0.9359157675809178,2.5490413388008424
OTU_334,0.10231606362198865,0.0,0.0,0.09044044496698923,1.6350877192982456,1.7481830681594972,1.9869154349406348,0.31545741324921134,0.35696073431922487,0.5666049953746531,0.5649717514124294,1.2829525483304043,0.6951759005687803,0.0,1.844682304714188,1.7208672086720866,1.9011934499028587,0.5211417742508587,1.492007104795737,1.1198073449729078,0.8449239568438841,1.2745206694004212
OTU_10,4.371686354757697,0.0,0.0,0.0,0.8771929824561403,0.7365939893930465,0.6057669008965351,2.039957939011567,1.8952915179330274,2.0582793709528215,1.6777948981338813,2.460456942003515,2.401516747419423,0.0,0.011386927806877705,0.1897018970189702,0.0,0.0,0.011841326228537596,0.38531005418422637,0.07799298063174315,0.06649673057741327
OTU_56,0.1953306669147056,0.0,0.0,0.0,0.6596491228070176,0.0,0.0,1.0164738871363477,1.8527961924188339,1.4107308048103608,0.0,0.01757469244288225,0.0,0.0,0.0,0.0948509485094851,0.5134610047182903,1.3976074854909393,0.011841326228537596,0.012040939193257074,0.2209801117899389,0.02216557685913776
OTU_80,1.2649986047809507,0.0,0.0,0.0,0.007017543859649123,0.0,0.0121153380179307,0.0,1.8187999320074792,2.7867715078630897,0.0,0.0,0.0,0.0,0.011386927806877705,0.0,0.0,0.0,0.011841326228537596,0.060204695966285374,0.4679578837904589,0.0
OTU_6,0.0,0.0,0.0,0.01808808899339785,0.2736842105263158,3.6535061873895107,27.053549794039252,0.028040658955485454,0.0,0.01156336725254394,4.108885464817668,0.281195079086116,3.370549820939541,0.009914733293674401,0.2163516283306764,0.14905149051490515,1.1240632805995003,0.0,4.262877442273535,2.745334136062613,4.419602235798778,6.8269976726144295
OTU_111,0.9766533345735281,0.0,0.0,0.0,0.0,0.0,0.0,0.11917280056081318,1.5468298487166412,0.4856614246068455,0.0,0.0,0.0,0.0,0.011386927806877705,0.0,0.0,0.0,0.0,0.0,0.0,0.0
OTU_41,1.069667937866245,0.0,0.0,0.009044044496698924,0.2807017543859649,0.1473187978786093,0.1696147322510298,0.5748335085874519,0.5864354920958694,0.6938020351526365,0.42800890258517377,0.7205623901581723,0.8637033916157573,0.0,0.0,0.0,0.0,0.0,0.0,0.048163756773028296,0.0,0.0
OTU_40,2.5206957492326296,0.0,0.0,0.009044044496698924,0.09824561403508772,0.9133765468473777,1.005573055488248,1.4300736067297581,0.7564167941526432,1.5148011100832564,0.0,0.0,0.0,0.0,0.5579594625370076,0.13550135501355012,1.0824313072439633,3.6006158948241147,0.5210183540556542,0.4093919325707405,0.5589496945274925,1.2191067272525768
OTU_26,0.7813226676588224,0.0,0.0,0.0,2.8912280701754387,2.0428206639167157,1.8778773927792585,1.6614090431125133,1.198368179500255,1.2025901942645698,0.4108885464817668,1.1599297012302285,1.2218243100905835,0.0,0.7970849464814393,0.7588075880758808,1.8318068276436303,3.1860713016700224,2.0959147424511544,1.4328717639975919,2.2617964383205513,1.0417821123794746
OTU_515,0.0,0.0,0.0,0.0,0.0912280701754386,0.08839127872716558,0.0242306760358614,0.0,0.008499065102838687,0.02312673450508788,0.6505735319294641,0.45694200351493847,0.48451653676005896,0.0,0.2846731951719426,0.42005420054200543,0.0,0.011844131232974061,0.7341622261693309,0.6020469596628537,0.4809567138957494,0.5430566330488751
OTU_103,0.018602920658543392,0.0,0.0,0.0,0.10526315789473684,0.019642506383814574,0.1938454082868912,0.46267087276551,0.9603943566207717,0.7169287696577243,0.0,0.05272407732864675,0.04213187276174426,0.0,0.05693463903438852,0.17615176151761516,0.013877324451845684,0.10659718109676655,0.5210183540556542,0.036122817579771226,0.4679578837904589,0.03324836528870664
OTU_209,0.037205841317086784,0.0,0.0,0.0,0.03508771929824561,0.02946375957572186,0.0242306760358614,0.03505082369435682,0.016998130205677375,0.04625346901017576,0.05136106831022085,0.0,0.02106593638087213,0.0,0.04554771122751082,0.02710027100271003,0.09714127116291979,0.23688262465948123,0.011841326228537596,0.0,0.0,0.01108278842956888
OTU_101,2.3997767649520974,0.0,0.009065361254645998,0.05426426698019354,0.0,0.0,0.0,3.161584297230985,1.6828148903620601,1.8963922294172062,0.6676938880328711,0.8260105448154658,0.5477143459026754,0.0,0.9337280801639718,1.1924119241192412,0.2775464890369137,0.5448300367168069,0.8170515097690941,0.15653220951234195,0.8059274665280125,0.9309542280837859
OTU_72,2.232350479025207,0.0,0.0,0.0,1.2210526315789474,1.1490866234531527,0.3149987884661982,2.3063441990886786,1.7933027366989631,1.792321924144311,0.0,0.0,0.0,0.0,0.2163516283306764,0.5691056910569106,0.0,0.0,0.3197158081705151,0.16857314870559903,0.19498245157935787,0.23273855702094648
OTU_45,0.7255139056831923,0.0,0.0,0.0,0.8491228070175438,1.944608131997643,0.8965350133268718,1.948825797406239,0.11898691143974163,0.8094357076780758,0.0,0.01757469244288225,0.0,0.0,3.2680482805739013,2.2628726287262872,0.0,0.0,0.9354647720544701,1.1077664057796508,0.9099181073703366,1.839742879308434
OTU_700,0.027904380987815086,0.008996041741633681,0.0,0.01808808899339785,0.007017543859649123,0.009821253191907287,0.0,1.0445145460918333,1.7593064762876083,1.4801110083256244,0.0,0.0,0.0,0.0,0.5693463903438852,0.2981029810298103,0.0,0.0,0.22498519834221434,0.49367850692354004,0.1689847913687768,0.2105729801618087
OTU_63,3.8322016556599388,0.0,0.0,0.009044044496698924,0.32280701754385965,0.44195639363582795,0.3271141264841289,1.5422362425517,0.8839027706952235,1.3182238667900092,0.1027221366204417,0.40421792618629176,0.5898462186644197,0.0,0.8426326577089501,0.907859078590786,0.13877324451845685,0.0,0.4144464179988159,0.5177603853100542,0.4289613934745873,0.5984705751967195
OTU_51,1.618454097293275,0.026988125224901044,0.0,0.0,0.007017543859649123,0.019642506383814574,0.0,1.4160532772520154,0.9178990311065782,0.2543940795559667,0.1027221366204417,0.7381370826010545,0.29492310933220983,0.009914733293674401,0.03416078342063311,0.05420054200542006,0.0,0.0,0.3315571343990527,0.07224563515954245,0.14298713115819575,0.277069710739222
OTU_113,0.9301460329271696,0.008996041741633681,0.0,0.0,0.007017543859649123,0.009821253191907287,0.0,0.6729758149316509,0.4164541900390957,0.5319148936170213,0.0,0.0,0.0,0.0,0.0,0.10840108401084012,0.0,0.0,0.011841326228537596,0.048163756773028296,0.0,0.1551590380139643
OTU_514,1.2463956841224073,0.0,0.0,0.0,0.14736842105263157,0.17678255745433116,0.0969227041434456,1.0375043813529619,0.32296447390787014,0.9366327474560592,0.0,0.0,0.0,0.0,0.33022090639945345,0.013550135501355014,0.0,0.0,0.0,0.012040939193257074,0.012998830105290524,0.01108278842956888
OTU_201,0.26044088921960745,0.0,0.0,0.0,0.0,0.0,0.0,0.5327725201542236,0.23797382287948327,0.28908418131359853,0.0,0.0,0.0,0.0,0.0,0.0,0.0,0.0,0.0,0.0,0.0,0.0
OTU_38,0.5952934610733885,0.0,0.0,0.0,0.7649122807017544,0.5696326851306227,0.3271141264841289,0.46267087276551,0.4674485806561278,1.2141535615171137,0.684814244136278,1.968365553602812,1.9170002106593638,0.0,0.6718287406057846,0.44715447154471544,2.5256730502359144,2.9610328082435156,0.3433984606275903,0.5298013245033113,0.37696607305342517,0.2881524991687909
OTU_115,0.54878615942703,0.0,0.0,0.0,0.6877192982456141,0.4812414064034571,1.0782650835958323,0.5187521906764809,0.8074111847696753,0.6706753006475485,0.0684814244136278,0.421792618629174,0.3581209184748262,0.0,0.19357777271692098,0.43360433604336046,0.6244796003330558,1.9424375222077461,0.3433984606275903,0.1444912703190849,0.1689847913687768,0.14407624958439544
OTU_71,0.3906613338294112,0.0,0.0,0.08139640047029031,0.04912280701754386,0.019642506383814574,0.0363460140537921,0.3434980722046968,0.18697943226245112,0.28908418131359853,0.0342407122068139,0.0351493848857645,0.0,0.0,1.2639489865634252,1.1924119241192412,0.0,0.0,1.0657193605683837,0.5418422636965683,0.8319251267385935,0.6095533636262884
OTU_141,0.26044088921960745,0.0,0.0,0.0,0.17543859649122806,0.1473187978786093,0.0848073661255149,0.4206098843322818,0.2039775624681285,0.5319148936170213,0.0684814244136278,0.70298769771529,0.23172530018959342,0.0,0.02277385561375541,0.04065040650406504,0.0,0.0,0.023682652457075192,0.0,0.038996490315871574,0.03324836528870664
OTU_144,0.9952562552320714,0.0,0.0,0.0,0.0,0.0,0.0,0.41359971959341046,0.18697943226245112,0.3122109158186864,0.0,0.0,0.0,0.0,0.0,0.0,0.0,0.0,0.0,0.012040939193257074,0.012998830105290524,0.04433115371827552
OTU_513,0.6231978420612037,0.008996041741633681,0.0,0.009044044496698924,0.13333333333333333,0.28481634256531135,0.1574993942330991,0.43463021381002453,0.26347101818799934,0.35846438482886217,0.0,0.0,0.0,0.0,0.05693463903438852,0.02710027100271003,0.0,0.0,0.0,0.012040939193257074,0.012998830105290524,0.0554139421478444
OTU_200,0.762719747000279,0.0,0.0,0.01808808899339785,0.07719298245614035,0.10803378511098016,0.0484613520717228,0.3645285664213109,0.18697943226245112,0.6128584643848288,0.01712035610340695,0.0,0.0,0.0,0.23912548394443178,0.4065040650406504,3.066888703857896,1.9661257846736941,0.3907637655417407,0.22877784467188442,0.3119719225269726,0.1551590380139643
OTU_42,0.54878615942703,0.0,0.0,0.009044044496698924,0.0,0.0,0.0,0.28040658955485454,0.10198878123406425,0.35846438482886217,1.7976373908577299,1.8629173989455186,2.907099220560354,0.0,0.36438168982008656,0.14905149051490515,2.719955592561754,3.1979154329029966,0.2605091770278271,0.2408187838651415,0.051995320421162096,1.4075141305552477
OTU_195,1.3115059064273091,0.0,0.0,0.009044044496698924,0.1824561403508772,0.3732076212924769,0.20596074630482192,0.3014370837714686,0.271970083290838,0.3700277520814061,0.18832391713747645,0.3163444639718805,0.4002527912365705,0.0,1.468913687087224,1.2872628726287263,0.041631973355537054,0.10659718109676655,0.7104795737122558,0.9271523178807947,0.23397894189522944,0.4433115371827552
OTU_206,0.2418379685610641,0.0,0.0,0.0,0.14035087719298245,0.09821253191907288,0.20596074630482192,0.24535576586049773,0.1529831718510964,0.11563367252543941,0.0342407122068139,0.140597539543058,0.06319780914261638,0.0,0.19357777271692098,0.14905149051490515,0.0,0.0,0.15393724097098876,0.1444912703190849,0.10399064084232419,0.13299346115482655
OTU_121,0.7906241279880941,0.0,0.0,0.0,0.0,0.03928501276762915,0.0969227041434456,0.25937609533824046,0.4164541900390957,0.23126734505087881,0.0,0.0,0.0,0.0,0.011386927806877705,0.0,1.623646960865945,0.8764657112400805,0.023682652457075192,0.024081878386514148,0.051995320421162096,0.04433115371827552
OTU_187,0.18602920658543393,0.0,0.0,0.0,0.028070175438596492,0.03928501276762915,0.0121153380179307,0.14020329477742727,0.09348971613122556,0.10407030527289547,0.0342407122068139,0.0,0.0,0.0,0.13664313368253245,0.24390243902439024,0.0,0.0,0.2960331557134399,0.12040939193257075,0.14298713115819575,0.1551590380139643
OTU_94,0.13952190493907543,0.0,0.0,0.0,0.8280701754385965,0.6089176978982518,0.1332687181972377,0.11216263582194182,0.0764915859255482,0.13876040703052728,0.0,0.0,0.0,0.0,0.11386927806877704,0.12195121951219512,0.0,0.0,0.16577856719952636,0.1444912703190849,0.4289613934745873,0.14407624958439544
OTU_188,0.04650730164635848,0.0,0.0,0.0,0.014035087719298246,0.05892751915144372,0.121153380179307,0.077111812127585,0.3654597994220636,0.06938020351526364,0.0,0.0,0.0,0.0,0.0,0.013550135501355014,0.0,0.0,0.023682652457075192,0.0,0.0,0.01108278842956888
OTU_49,0.08371314296344526,0.0,0.0,0.0,0.4,1.0312315851502651,0.3271141264841289,0.05608131791097091,0.0,0.08094357076780759,0.0,0.0,0.0,0.0,0.31883397859257573,0.013550135501355014,0.19428254232583958,1.0541276797346915,0.07104795737122557,0.19265502709211318,0.2989730924216821,0.0
OTU_137,0.08371314296344526,0.0,0.0,0.0,0.056140350877192984,0.11785503830288745,0.0969227041434456,0.04206098843322818,0.4674485806561278,0.12719703977798336,0.4964903269988016,0.01757469244288225,0.04213187276174426,0.0,0.02277385561375541,0.013550135501355014,0.06938662225922843,0.29610328082435156,0.09473060982830077,0.0,0.012998830105290524,0.0
OTU_305,0.009301460329271696,0.0,0.0,0.0,0.007017543859649123,0.13749754468670203,0.0726920281075842,0.1331931300385559,0.16998130205677375,0.04625346901017576,0.0342407122068139,0.01757469244288225,0.0,0.0,0.0,0.0,0.09714127116291979,0.11844131232974062,0.0,0.0,0.012998830105290524,0.03324836528870664
OTU_172,0.05580876197563017,0.0,0.0,0.0,0.09824561403508772,0.09821253191907288,0.0,0.014020329477742727,0.04249532551419344,0.03469010175763182,0.0,0.08787346221441125,0.04213187276174426,0.0,0.0,0.0,0.0,0.0,0.0,0.0,0.0,0.0
OTU_54,0.0,0.0,0.0,0.0,0.44912280701754387,2.229424474562954,2.301914223406833,0.028040658955485454,0.0,0.0,0.08560178051703475,0.01757469244288225,0.02106593638087213,0.0,2.937827374174448,0.907859078590786,0.0,0.011844131232974061,1.7051509769094138,1.938591210114389,1.2738853503184713,2.305219993350327
OTU_66,0.0,0.0,0.0,0.009044044496698924,3.389473684210526,1.5517580043213515,1.4053792100799611,0.014020329477742727,0.0,0.0,0.0,0.01757469244288225,0.0,0.0,0.0,0.0,0.0,0.0,0.0,0.0,0.0,0.0
OTU_132,0.17672774625616222,0.0,0.0,0.0,0.23859649122807017,0.25535258298958946,0.2786527744124061,0.04206098843322818,0.0679925208227095,0.04625346901017576,0.18832391713747645,0.210896309314587,0.10532968190436065,0.0,0.11386927806877704,0.25745257452574527,0.0,0.0,0.22498519834221434,0.20469596628537026,0.09099181073703366,0.17732461487310208
OTU_34,0.0,0.0,0.018130722509291996,0.0,0.0,0.0,0.0,0.014020329477742727,0.0,0.01156336725254394,0.0,0.0,0.0,0.0,0.0,0.013550135501355014,0.0,0.0,0.0,0.0,0.012998830105290524,0.0554139421478444
OTU_133,0.0,0.0,0.0,0.0,0.6877192982456141,0.6776664702416029,0.8844196753089412,0.0070101647388713636,0.0,0.02312673450508788,0.01712035610340695,0.0,0.0,0.0,0.6035071737645183,0.46070460704607047,0.0,0.0,0.27235050325636473,0.2769416014449127,0.10399064084232419,0.3103180760279286
OTU_2,0.0,0.0,0.0,0.0,0.0,0.0,0.0121153380179307,0.03505082369435682,0.03399626041135475,0.01156336725254394,0.0,0.0,0.0,0.0,10.157139603734912,10.05420054200542,0.0,0.011844131232974061,9.41385435168739,13.389524382901866,9.983101520863123,2.7374487421035134
OTU_79,0.0,0.0,0.0,0.0,0.19649122807017544,0.3339226085248478,0.5451902108068815,0.0070101647388713636,0.0,0.0,0.0,0.0,0.0,0.0,0.02277385561375541,0.08130081300813008,0.0,0.0,0.2841918294849023,0.22877784467188442,0.36396724294813465,0.29923528759835977
OTU_91,0.0,0.0,0.0,0.02713213349009677,0.0,0.0,0.0,0.0070101647388713636,0.0,0.11563367252543941,0.0,0.0,0.0,0.0,0.0,0.013550135501355014,0.0,0.0,0.0,0.0,0.0,0.02216557685913776
OTU_9,0.0,0.0,0.0,0.0,0.0,0.0,0.0121153380179307,0.014020329477742727,0.03399626041135475,0.0,7.875363807567197,5.026362038664323,5.3296819043606485,0.0,5.750398542473241,4.417344173441735,0.0,0.0,5.979869745411486,5.707405177603853,6.395424411802938,7.846614208134767
OTU_74,0.0,0.0,0.0,0.0,0.9543859649122807,0.8937340404635632,0.9813423794523867,0.02103049421661409,0.04249532551419344,0.04625346901017576,0.0,0.0,0.0,0.0,0.13664313368253245,0.04065040650406504,0.0,0.0,0.09473060982830077,0.16857314870559903,0.19498245157935787,0.919871439654217
OTU_304,0.0,0.0,0.009065361254645998,0.0,0.0,0.0,0.0,0.02103049421661409,0.0,0.0,0.0,0.0,0.0,0.0,0.0,0.013550135501355014,0.013877324451845684,0.0,0.0,0.0,0.0,0.0
OTU_347,0.0,0.0,0.0,0.0,0.0,0.13749754468670203,0.0605766900896535,0.0070101647388713636,0.0,0.0,0.0,0.0,0.0,0.0,0.0,0.0948509485094851,0.0,0.0,0.035523978685612786,0.0,0.038996490315871574,0.0
OTU_87,0.0,0.0,0.0,0.009044044496698924,0.0,0.0,0.0,0.0070101647388713636,0.0,0.057816836262719704,1.1470638589282658,0.5799648506151143,0.8637033916157573,0.0,0.0,0.0,0.0,0.0,0.0,0.0,0.0,0.0
OTU_11,0.0,0.0,0.0,0.0,0.0,0.0,0.0242306760358614,0.014020329477742727,0.0,0.0,0.0,0.0,0.0,0.0,4.247324071965384,2.3577235772357725,0.0,0.0,1.6577856719952635,1.950632149307646,0.8969192772650462,1.8175773024492963
OTU_50,0.0,0.0,0.0,0.0,0.0,0.17678255745433116,0.242306760358614,0.014020329477742727,0.016998130205677375,0.0,0.0,0.0,0.0,0.0,0.011386927806877705,0.013550135501355014,0.0,0.0,0.40260509177027826,0.30102347983142685,0.37696607305342517,1.4961764379917988
OTU_104,0.0,0.0,0.0,0.0,0.3929824561403509,1.1392653702612454,0.6905742670220499,0.014020329477742727,0.0,0.0,0.0,0.0,0.0,0.0,1.6852653154179003,0.6233062330623306,0.0,0.0,0.16577856719952636,0.036122817579771226,0.07799298063174315,1.196941150393439
OTU_177,0.0,0.0,0.0,0.01808808899339785,0.37894736842105264,0.8937340404635632,0.5088441967530895,0.0070101647388713636,0.0,0.0,0.18832391713747645,0.632688927943761,0.6109121550452917,0.0,0.10248235026189934,0.16260162601626016,0.0,0.0,0.16577856719952636,0.12040939193257075,0.038996490315871574,0.12191067272525767
OTU_1844,0.0,0.0,0.0,0.0,0.5052631578947369,0.9919465723826361,0.7753816331475648,0.0070101647388713636,0.0,0.0,0.0,0.0,0.0,0.0,0.5807333181507629,0.5420054200542005,0.0,0.0,0.27235050325636473,0.21673690547862734,0.20798128168464838,0.365732018175773
OTU_327,0.0,0.0,0.0,0.0,0.519298245614035,0.5892751915144372,0.121153380179307,0.0070101647388713636,0.0,0.4162812210915819,0.0,0.0,0.0,0.0,1.0703712138465042,0.6639566395663956,0.0,0.0,0.3907637655417407,0.07224563515954245,0.2599766021058105,0.8533747090768037
OTU_674,0.0,0.0,0.0,0.0,0.014035087719298246,0.2357100766057749,0.3149987884661982,0.0070101647388713636,0.0,0.0,0.0,0.0,0.0,0.0,0.05693463903438852,0.0948509485094851,0.0,0.0,0.023682652457075192,0.012040939193257074,0.0,0.02216557685913776
OTU_204,0.0,0.0,0.0,0.009044044496698924,0.23859649122807017,0.3633863681005696,0.1938454082868912,0.0070101647388713636,0.0,0.0,0.0,0.0,0.0,0.0,0.5351856069232521,0.14905149051490515,0.0,0.011844131232974061,0.36708111308466546,0.3973509933774834,0.272975432211101,0.6095533636262884
OTU_92,0.0,0.0,0.0,0.0,0.0,0.0,0.0,0.0070101647388713636,0.0,0.0,4.759458996747132,2.688927943760984,3.412681693701285,0.0,0.0,0.0,0.0,0.0,0.0,0.0,0.0,0.0
OTU_77,0.0,0.0,0.0,0.01808808899339785,0.3157894736842105,0.13749754468670203,0.2786527744124061,0.0070101647388713636,0.008499065102838687,0.01156336725254394,0.2054442732408834,1.0017574692442883,1.0532968190436065,0.0,0.3985424732407197,0.12195121951219512,0.0,0.0,0.3197158081705151,0.5418422636965683,0.19498245157935787,0.35464922974620416
OTU_8,0.0,0.008996041741633681,0.0,0.0,0.0,0.0,0.0242306760358614,0.0070101647388713636,0.016998130205677375,0.0,5.649717514124294,5.659050966608084,6.762165578259953,0.0,3.609656114780232,5.094850948509485,0.0,0.011844131232974061,7.246891651865009,6.610475617098134,6.69439750422462,4.078466142081347
OTU_233,0.0,0.0,0.0,0.0,0.0,0.0,0.0,0.0070101647388713636,0.0,0.0,0.0,0.0,0.0,0.0,0.02277385561375541,0.0,0.06938662225922843,0.22503849342650717,0.011841326228537596,0.0,0.0,0.0
OTU_48,0.0,0.0,0.0,0.02713213349009677,1.9298245614035088,1.9740718915733648,1.7324933365640902,0.0070101647388713636,0.0,0.01156336725254394,1.5921931176168465,3.374340949033392,2.401516747419423,0.0,1.651104531997267,1.5853658536585367,0.013877324451845684,0.011844131232974061,1.1130846654825342,0.9151113786875377,0.6629403353698167,1.4407624958439544
OTU_208,0.0,0.0,0.0,0.0,0.0,0.0,0.0,0.0070101647388713636,0.0,0.0,0.1369628488272556,0.351493848857645,0.4002527912365705,0.0,0.8767934411295832,0.33875338753387535,0.0,0.011844131232974061,0.3197158081705151,0.20469596628537026,0.2599766021058105,0.4876426909010307
OTU_31,0.0,0.0,0.0,0.0,0.007017543859649123,0.06874877234335101,0.0484613520717228,0.0070101647388713636,0.025497195308516064,0.0,0.0,0.0,0.0,0.0,0.04554771122751082,0.08130081300813008,0.0,0.011844131232974061,0.8407341622261694,1.9987959060806744,2.8597426231639154,2.0392330710406736
OTU_29,0.0,0.017992083483267363,0.0,0.0,1.5649122807017544,2.013356904340994,2.4472982796220015,0.0070101647388713636,0.0,0.0,0.0,0.0,0.0,0.0,0.2732862673650649,0.24390243902439024,0.0,0.011844131232974061,0.18946121965660154,0.22877784467188442,0.06499415052645262,0.45439432561232407
OTU_55,0.0,0.0,0.0,0.0,0.0,0.0,0.0,0.0,0.0,0.0,0.0,0.0,0.0,0.0,0.0,0.0,0.0,0.0,0.0,0.0,0.0,0.0
OTU_16,0.0,0.0,0.0,0.0,0.0,0.0,0.0,0.0,0.0,0.0,5.769560006848143,3.374340949033392,4.4238466399831475,0.0,0.0,0.0,0.0,0.011844131232974061,0.0,0.0,0.0,0.0
OTU_125,0.0,0.0,0.0,0.0,0.0,0.0,0.0,0.0,0.0,0.0,0.0,0.0,0.0,0.0,0.0,0.0,0.0,0.0,0.0,0.0,0.0,0.0
OTU_85,0.0,0.0,0.0,0.04522022248349462,1.656140350877193,0.04910626595953644,0.1090380421613763,0.0,0.0,0.01156336725254394,0.4964903269988016,0.843585237258348,0.25279123657046554,0.0,0.47825096788886357,0.4065040650406504,0.0,0.0,0.8052101835405565,0.5057194461167971,0.5329520343169115,0.4987254793305996
OTU_46,0.0,0.0,0.0,0.0,0.0,0.0,0.0,0.0,0.0,0.0,0.0,0.0,0.0,0.0,0.0,0.0,0.0,0.0,0.0,0.0,0.0,0.0
OTU_105,0.0,0.0,0.0,0.0,0.0,0.0,0.0,0.0,0.0,0.0,0.0,0.0,0.0,0.019829466587348802,0.011386927806877705,0.0,0.0,0.0,0.0,0.0,0.0,0.0
OTU_70,0.0,0.0,0.0,0.0,0.0,0.0,0.0,0.0,0.0,0.06938020351526364,0.0,0.01757469244288225,0.0,0.0,0.2505124117513095,0.21680216802168023,0.0,0.0,0.8880994671403197,0.8308248043347382,0.8059274665280125,0.5430566330488751
OTU_86,0.0,0.0,0.0,0.0,0.0,0.0,0.0,0.0,0.0,0.0,0.0,0.0,0.0,0.0,0.0,0.0,0.0,0.0,0.0,0.0,0.0,0.0
OTU_654,0.0,0.0,0.0,0.0,0.0,0.0,0.0,0.0,0.008499065102838687,0.0,4.554014723506249,1.757469244288225,3.033494838845587,0.0,0.0,0.0,0.0,0.0,0.0,0.0,0.0,0.0
OTU_44,0.0,0.0,0.0,0.0,0.5754385964912281,0.0,0.0,0.0,0.0,0.0,0.0,0.0,0.0,0.0,0.0,0.0,0.0,0.0,0.0,0.0,0.0,0.0
OTU_33,0.0,0.0,0.0,0.0,0.0,0.0,0.0,0.0,0.0,0.0,5.83804143126177,2.460456942003515,4.529176321887508,0.0,0.0,0.0,0.0,0.0,0.0,0.0,0.0,0.0
OTU_130,0.0,0.008996041741633681,0.0,0.10852853396038709,0.0,0.0,0.0,0.0,0.0,0.4856614246068455,0.0,0.1054481546572935,0.0,0.0,0.13664313368253245,0.12195121951219512,0.027754648903691368,0.14212957479568875,0.22498519834221434,0.21673690547862734,0.3119719225269726,0.18840740330267094
OTU_90,0.0,0.0,0.0,0.0,0.0,0.0,0.0,0.0,0.0,0.0,0.0,0.0,0.0,0.0,0.0,0.0,0.0,0.0,0.0,0.0,0.0,0.0
OTU_100,0.0,0.008996041741633681,0.0,0.009044044496698924,0.0,0.0,0.0,0.0,0.0,0.0,0.0,0.0,0.0,0.0,0.17080391710316556,0.16260162601626016,0.0,0.0,0.2605091770278271,0.10836845273931367,0.2859742623163915,0.45439432561232407
OTU_78,0.0,0.0,0.0,0.0,0.23157894736842105,0.0,0.0,0.0,0.0,0.0,0.0,0.0,0.0,0.0,0.13664313368253245,0.2845528455284553,0.0,0.0,0.20130254588513913,0.26490066225165565,0.5069543741063305,0.4765599024714618
OTU_361,0.0,0.0,0.0,0.0,1.087719298245614,0.45177764682773525,0.41192149260964384,0.0,0.0,0.01156336725254394,2.533812703304229,2.7768014059753954,1.8116705287550032,0.0,1.1386927806877705,1.4227642276422765,0.0,0.0,1.0420367081113084,0.7224563515954244,0.8709216170544651,1.3964313421256789
OTU_107,0.0,0.0,0.0,0.0,0.38596491228070173,1.3455116872912984,0.9086503513448025,0.0,0.0,0.0,1.1984249272384866,2.26713532513181,2.591110174847272,0.0,0.10248235026189934,0.12195121951219512,0.0,0.0,0.16577856719952636,0.07224563515954245,0.19498245157935787,0.07757951900698215
OTU_89,0.0,0.0,0.0,0.0,0.0,0.0,0.0,0.0,0.0,0.0,0.0,0.0,0.0,0.0,0.0,0.0,0.0,0.0,0.0,0.0,0.0,0.0
OTU_69,0.0,0.0,0.0,0.0,0.0,0.0,0.0,0.0,0.0,0.0,0.0,0.0,0.0,0.0,0.2277385561375541,0.16260162601626016,0.0,0.0,0.42628774422735344,0.44551475015051173,0.41596256336929677,0.19949019173223984
OTU_193,0.0,0.0,0.0,0.0,0.4421052631578947,0.0,0.0,0.0,0.0,0.0,0.0684814244136278,0.22847100175746923,0.18959342742784918,0.0,0.11386927806877704,0.2032520325203252,0.013877324451845684,0.0,0.2605091770278271,0.20469596628537026,0.19498245157935787,0.13299346115482655
OTU_119,0.0,0.0,0.0,0.01808808899339785,0.5543859649122806,0.28481634256531135,0.3271141264841289,0.0,0.0,0.0,0.01712035610340695,0.01757469244288225,0.0,0.0,0.14803006148941017,0.3116531165311653,0.0,0.0,0.16577856719952636,0.22877784467188442,0.20798128168464838,0.2881524991687909
OTU_160,0.0,0.0,0.0,0.0,0.0,0.0,0.0,0.0,0.0,0.0,0.0,0.0,0.0,0.0,0.42131632885447506,0.1897018970189702,0.0,0.0,0.20130254588513913,0.26490066225165565,0.025997660210581048,0.0
OTU_149,0.0,0.0,0.0,0.0,0.0,0.0,0.0,0.0,0.0,0.0,0.0,0.0,0.0,0.0,0.0,0.0,0.0,0.0,0.0,0.0,0.0,0.0
OTU_65,0.0,0.0,0.0,0.01808808899339785,0.0,0.0,0.0,0.0,0.0,0.01156336725254394,1.1128231467214518,0.5799648506151143,0.9900990099009901,0.0,0.0,0.0,0.0,0.0,0.0,0.0,0.0,0.0
OTU_62,0.0,0.0,0.0,0.0,0.0,0.0,0.0,0.0,0.0,0.0,0.0,0.0,0.0,0.0,0.011386927806877705,0.013550135501355014,0.0,0.0,0.011841326228537596,0.0,0.0,0.03324836528870664
OTU_18,0.0,0.0,0.0,0.0,0.0,0.0,0.0121153380179307,0.0,0.008499065102838687,0.0,5.598356445814073,2.7065026362038664,4.25531914893617,0.0,4.623092689592348,2.859078590785908,0.0,0.0,4.9141503848431025,5.635159542444311,7.669309762121409,3.6351546048985925
OTU_67,0.0,0.0,0.0,0.009044044496698924,0.0,0.0,0.0,0.0,0.0,0.0,9.467556925184043,4.182776801405975,6.4672424689277435,0.0,0.0,0.0,0.0,0.0,0.0,0.0,0.0,0.0
OTU_476,0.0,0.0,0.0,0.0,0.0,0.0,0.0,0.0,0.0,0.0,0.0,0.0,0.0,0.0,0.0,0.0,0.0,0.0,0.0,0.0,0.0,0.0
OTU_58,0.0,0.0,0.0,0.0,0.4280701754385965,0.3830288744843842,0.2544220983765447,0.0,0.0,0.0,0.9929806539976032,2.8471001757469243,1.5378133558036655,0.0,0.6490548849920291,1.043360433604336,0.0,0.0,1.030195381882771,1.0475617098133654,0.6759391654751072,0.8755402859359415
OTU_75,0.0,0.0,0.0,0.0,0.0,0.0,0.0,0.0,0.0,0.0,0.0,0.0,0.0,0.0,0.3416078342063311,0.5420054200542005,0.0,0.0,0.4144464179988159,0.481637567730283,0.41596256336929677,0.13299346115482655
OTU_124,0.0,0.0,0.0,0.009044044496698924,0.07719298245614035,0.09821253191907288,0.18173007026896051,0.0,0.0,0.01156336725254394,0.0,0.0,0.0,0.0,0.20496470052379867,0.14905149051490515,0.0,0.0,0.13025458851391356,0.09632751354605659,0.09099181073703366,0.08866230743655104
OTU_83,0.0,0.0,0.0,0.12661662295378492,0.0,0.0,0.0,0.0,0.0,0.35846438482886217,0.18832391713747645,0.140597539543058,0.0,0.009914733293674401,0.011386927806877705,0.0,0.0,0.0,0.0,0.0,0.0,0.01108278842956888
OTU_110,0.0,0.017992083483267363,0.0,0.09948448946368817,0.0,0.0,0.0,0.0,0.0,0.01156336725254394,0.0342407122068139,0.0351493848857645,0.0,0.0,0.0,0.0,0.0,0.0,0.0,0.0,0.0,0.0
OTU_117,0.0,0.0,0.0,0.0,0.0,0.0,0.0,0.0,0.008499065102838687,0.0,0.0,0.0351493848857645,0.0,0.0,0.0,0.0,0.0,0.0,0.023682652457075192,0.0,0.038996490315871574,0.0
OTU_126,0.0,0.0,0.0,0.0,0.0,0.0,0.0,0.0,0.008499065102838687,0.0,1.6264338298236602,0.9138840070298769,0.9269012007583737,0.0,0.0,0.0,0.0,0.0,0.0,0.0,0.0,0.0
OTU_147,0.0,0.0,0.0,0.0,0.0,0.0,0.0,0.0,0.0,0.0,0.0,0.0,0.0,0.0,0.0,0.0,0.0,0.0,0.0,0.0,0.0,0.0
OTU_114,0.0,0.0,0.0,0.0,0.4070175438596491,0.0,0.0,0.0,0.0,0.0,0.0,0.0,0.0,0.0,0.0,0.0,0.0,0.0,0.0,0.0,0.0,0.0
OTU_131,0.0,0.0,0.0,0.0,0.0,0.1473187978786093,0.2301914223406833,0.0,0.0,0.0,0.0,0.0,0.0,0.0,0.0,0.0,0.0,0.0,0.0,0.0,0.0,0.0
OTU_182,0.0,0.0,0.0,0.0,0.021052631578947368,0.02946375957572186,0.0363460140537921,0.0,0.0,0.0,0.0,0.0,0.0,0.0,0.02277385561375541,0.02710027100271003,0.0,0.0,0.035523978685612786,0.012040939193257074,0.07799298063174315,0.04433115371827552
OTU_20,0.0,0.0,0.0,0.0,1.2982456140350878,0.3044588489491259,2.095953477102011,0.0,0.016998130205677375,0.0,0.29104605375791814,2.601054481546573,1.790604592374131,0.0,3.4843999089045776,2.4390243902439024,0.0,0.0,1.9538188277087034,3.6845273931366647,1.8978291953724165,2.0946470131885184
OTU_47,0.0,0.0,0.0,0.009044044496698924,0.0,0.0,0.0,0.0,0.0,0.21970397779833487,0.1027221366204417,0.01757469244288225,0.0,0.0,0.02277385561375541,0.0,0.0,0.0,0.0,0.0,0.0,0.0
OTU_108,0.0,0.0,0.0,0.0,0.0,0.0,0.0,0.0,0.0,0.01156336725254394,0.0,0.0,0.0,0.0,0.0,0.0,0.0,0.0,0.0,0.0,0.0,0.0
OTU_60,0.0,0.0,0.0,0.02713213349009677,0.0,0.0,0.0,0.0,0.0,0.04625346901017576,1.386748844375963,1.3356766256590509,0.9269012007583737,0.0,0.0,0.0,0.0,0.0,0.0,0.0,0.0,0.0
OTU_37,0.0,0.0,0.0,0.0,1.4526315789473685,2.7499508937340407,1.2842258299006541,0.0,0.0,0.03469010175763182,0.7875363807567197,0.6854130052724078,1.0743627554244786,0.0,0.11386927806877704,0.02710027100271003,0.0,0.0,0.47365304914150386,0.12040939193257075,0.19498245157935787,0.03324836528870664
OTU_17,0.0,0.0,0.0,0.0,2.007017543859649,0.43213514044392065,2.8471044342137146,0.0,0.0,0.0,0.4108885464817668,3.6906854130052724,2.0223298925637243,0.0,5.078569801867456,3.102981029810298,0.0,0.011844131232974061,2.4511545293072823,4.503311258278146,2.7167554920057193,2.659869223096531
OTU_145,0.0,0.0,0.0,0.009044044496698924,0.0,0.0,0.0,0.0,0.0,0.01156336725254394,0.0,0.01757469244288225,0.0,0.0,0.05693463903438852,0.05420054200542006,0.0,0.0,0.15393724097098876,0.012040939193257074,0.038996490315871574,0.09974509586611992
OTU_123,0.0,0.0,0.0,0.0,0.0,0.0,0.0,0.0,0.0,0.0,0.0,0.0,0.0,0.0,0.0,0.0,0.0,0.0,0.0,0.0,0.0,0.0
OTU_169,0.0,0.0,0.0,0.0,0.23157894736842105,0.2357100766057749,0.2907681124303368,0.0,0.0,0.0,0.0,0.0,0.0,0.0,0.09109542245502164,0.14905149051490515,0.0,0.0,0.13025458851391356,0.09632751354605659,0.09099181073703366,0.08866230743655104
OTU_155,0.0,0.0,0.0,0.0,0.0,0.0,0.0,0.0,0.0,0.0,0.5307310392056155,0.5096660808435852,0.7162418369496524,0.0,0.0,0.0,0.0,0.0,0.0,0.0,0.0,0.0
OTU_21,0.0,0.0,0.0,0.0,0.0,0.0,0.0,0.0,0.0,0.0,0.0,0.0,0.0,0.0,0.0,0.013550135501355014,0.0,0.0,0.0,0.0,0.0,0.0
OTU_167,0.0,0.0,0.0,0.0,0.519298245614035,0.0785700255352583,0.20596074630482192,0.0,0.0,0.0,0.0,0.0,0.0,0.0,0.10248235026189934,0.14905149051490515,0.0,0.0,0.07104795737122557,0.08428657435279951,0.11698947094761472,0.12191067272525767
OTU_146,0.0,0.0,0.0,0.01808808899339785,1.5298245614035089,2.0428206639167157,1.175187787739278,0.0,0.0,0.02312673450508788,0.7704160246533128,1.1775043936731107,0.6951759005687803,0.0,0.8995672967433387,0.7859078590785907,0.0,0.0,0.6157489638839551,0.5538832028898254,0.545950864422202,1.1526099966751635
OTU_128,0.0,0.0,0.0,0.05426426698019354,0.0,0.0,0.0,0.0,0.0,0.0,0.0,0.0,0.0,0.0,0.0,0.0,0.0,0.0,0.0,0.0,0.0,0.0
OTU_116,0.0,0.0,0.0,0.04522022248349462,0.07719298245614035,0.22588882341386762,0.47249818269929733,0.0,0.0,0.03469010175763182,0.1369628488272556,0.45694200351493847,0.14746155466610492,0.0,0.18219084491004328,0.12195121951219512,0.013877324451845684,0.0,0.20130254588513913,0.1806140878988561,0.18198362147406733,0.3103180760279286
OTU_97,0.0,0.0,0.0,0.0,0.0,0.0,0.0,0.0,0.0,0.0,0.0,0.0,0.0,0.0,0.0,0.0,0.0,0.0,0.0,0.0,0.0,0.0
OTU_179,0.0,0.0,0.0,0.0,0.0,0.0,0.0,0.0,0.0,0.0,0.0,0.0,0.0,0.0,0.0,0.0,0.0,0.0,0.0,0.0,0.0,0.0
OTU_379,0.0,0.0,0.0,0.0,0.5684210526315789,0.0785700255352583,0.7026896050399806,0.0,0.0,0.0,0.0,0.0,0.0,0.0,0.13664313368253245,0.17615176151761516,0.0,0.0,0.05920663114268798,0.036122817579771226,0.2209801117899389,0.0
OTU_139,0.0,0.0,0.0,0.0,0.0,0.0,0.0,0.0,0.0,0.0,0.0,0.0,0.0,0.0,0.0,0.0,0.0,0.0,0.0,0.0,0.0,0.0
OTU_170,0.0,0.0,0.0,0.0,0.0,0.0,0.0,0.0,0.0,0.0,0.0,0.0,0.0,0.0,0.0,0.0,0.0,0.0,0.0,0.0,0.0,0.0
OTU_191,0.0,0.0,0.0,0.0,0.0,0.0,0.0,0.0,0.0,0.0,0.5820921075158363,0.26362038664323373,0.3581209184748262,0.0,0.02277385561375541,0.02710027100271003,0.0,0.0,0.13025458851391356,0.08428657435279951,0.12998830105290524,0.03324836528870664
OTU_150,0.0,0.0,0.0,0.0,0.0,0.0,0.0,0.0,0.0,0.0,0.0,0.0,0.0,0.0,0.0,0.0,0.0,0.0,0.0,0.0,0.0,0.0
OTU_120,0.0,0.0,0.0,0.009044044496698924,0.0,0.0,0.0121153380179307,0.0,0.0,0.01156336725254394,4.810820065057353,2.8646748681898067,3.9182641668422162,0.0,0.0,0.0,0.0,0.0,0.0,0.0,0.0,0.0
OTU_337,0.0,0.0,0.0,0.0,0.0,0.0,0.0,0.0,0.0,0.0,0.0,0.0,0.0,0.0,0.7629241630608062,0.9349593495934959,0.0,0.0,0.08288928359976318,1.1198073449729078,0.6759391654751072,0.02216557685913776
OTU_282,0.0,0.0,0.0,0.0,0.0,0.0,0.0,0.0,0.0,0.0,0.0,0.0,0.0,0.0,0.05693463903438852,0.0,0.0,0.0,0.035523978685612786,0.048163756773028296,0.025997660210581048,0.0554139421478444
OTU_168,0.0,0.0,0.0,0.0,0.0,0.0,0.0,0.0,0.0,0.0,0.0,0.0,0.0,0.0,0.0,0.0,0.0,0.0,0.0,0.0,0.0,0.0
OTU_190,0.0,0.0,0.0,0.0,0.0,0.0,0.0,0.0,0.0,0.0,0.29104605375791814,0.1054481546572935,0.2106593638087213,0.0,0.0,0.0,0.0,0.0,0.0,0.0,0.0,0.0
OTU_178,0.0,0.0,0.0,0.0,0.0,0.03928501276762915,0.3392294645020596,0.0,0.0,0.0,0.01712035610340695,0.0,0.0,0.0,0.0,0.0,0.0,0.0,0.0,0.0,0.0,0.0
OTU_135,0.0,0.0,0.0,0.0,0.0,0.0,0.0,0.0,0.0,0.01156336725254394,0.0,0.0,0.0,0.0,0.0,0.0,0.0,0.0,0.0,0.0,0.0,0.0
OTU_301,0.0,0.0,0.0,0.0,0.028070175438596492,0.17678255745433116,0.0242306760358614,0.0,0.0,0.0,0.0,0.0,0.0,0.0,0.011386927806877705,0.0,0.0,0.0,0.0,0.0,0.0,0.0
OTU_109,0.0,0.0,0.0,0.0,0.0,0.0,0.0,0.0,0.0,0.0,0.0,0.0,0.0,0.0,1.38920519243908,0.7588075880758808,0.0,0.0,1.089402013025459,1.312462372065021,1.4428701416872483,1.5405075917100743
OTU_159,0.0,0.0,0.0,0.0,0.0,0.0,0.0,0.0,0.0,0.0,0.0,0.0,0.0,0.0,0.15941698929628786,0.12195121951219512,0.0,0.0,0.15393724097098876,0.060204695966285374,0.2989730924216821,0.1662418264435332
OTU_470,0.0,0.0,0.0,0.0,0.007017543859649123,0.0,0.0121153380179307,0.0,0.0,0.0,0.05136106831022085,0.140597539543058,0.08426374552348852,0.0,0.09109542245502164,0.05420054200542006,0.0,0.0,0.05920663114268798,0.012040939193257074,0.06499415052645262,0.23273855702094648
OTU_1212,0.0,0.0,0.0,0.0,0.0,0.2946375957572186,0.1696147322510298,0.0,0.0,0.0,0.0,0.0,0.0,0.0,0.0,0.1897018970189702,0.0,0.0,0.035523978685612786,0.0,0.14298713115819575,0.0
OTU_1059,0.0,0.0,0.0,0.0,0.0,0.0,0.0,0.0,0.0,0.0,1.3182674199623352,0.843585237258348,1.3060880556140722,0.0,0.0,0.0,0.0,0.011844131232974061,0.0,0.0,0.0,0.0
OTU_220,0.0,0.0,0.0,0.0,0.0,0.0,0.0,0.0,0.0,0.03469010175763182,0.0,0.0,0.0,0.0,0.05693463903438852,0.10840108401084012,0.0,0.0,0.46181172291296624,0.012040939193257074,0.07799298063174315,0.03324836528870664
OTU_136,0.0,0.0,0.0,0.0,0.0,0.0,0.0,0.0,0.0,0.0,0.0,0.0,0.0,0.0,0.0,0.0,0.0,0.0,0.0,0.0,0.0,0.0
OTU_165,0.0,0.0,0.0,0.009044044496698924,0.0,0.0,0.0,0.0,0.0,0.0,0.01712035610340695,0.01757469244288225,0.0,0.0,0.13664313368253245,0.12195121951219512,0.0,0.0,0.21314387211367672,0.20469596628537026,0.19498245157935787,0.29923528759835977
OTU_25,0.0,0.026988125224901044,0.018130722509291996,0.0,0.0,0.0,0.0,0.0,0.0,0.0,0.0,0.0,0.0,0.019829466587348802,0.0,0.0,0.0,0.0,0.0,0.0,0.0,0.0
OTU_157,0.0,0.008996041741633681,0.0,0.0,0.23859649122807017,0.3830288744843842,0.2786527744124061,0.0,0.0,0.0,0.0,0.01757469244288225,0.0,0.0,0.0,0.0,0.0,0.0,0.0,0.0,0.0,0.0
OTU_166,0.0,0.0,0.0,0.0,0.0,0.0,0.0,0.0,0.0,0.0,0.0,0.0,0.0,0.0,0.0,0.0,0.0,0.0,0.05920663114268798,0.0,0.0,0.0
OTU_181,0.0,0.0,0.0,0.0,1.8877192982456141,1.0214103319583578,1.1024957596316938,0.0,0.0,0.0,0.0,0.0,0.02106593638087213,0.0,0.0,0.0,0.0,0.0,0.0,0.0,0.0,0.0
OTU_237,0.0,0.0,0.0,0.0,0.0,0.0,0.0,0.0,0.0,0.0,0.684814244136278,0.3339191564147627,0.5687802822835475,0.0,0.0,0.0,0.0,0.0,0.0,0.0,0.0,0.0
OTU_196,0.0,0.0,0.0,0.0,0.0,0.0,0.0,0.0,0.0,0.0,0.0,0.01757469244288225,0.0,0.0,0.0,0.0,0.0,0.0,0.0,0.0,0.0,0.0
OTU_134,0.0,0.0,0.0,0.009044044496698924,0.0,0.0,0.0121153380179307,0.0,0.0,0.01156336725254394,0.0,0.0,0.0,0.0,0.17080391710316556,0.17615176151761516,0.0,0.0,0.2841918294849023,0.4214328717639976,0.4419602235798778,0.2659869223096531
OTU_162,0.0,0.0,0.0,0.04522022248349462,0.0,0.0,0.0,0.0,0.0,0.0,0.01712035610340695,0.1757469244288225,0.23172530018959342,0.0,0.09109542245502164,0.04065040650406504,0.9020260893699694,0.7580243989103399,0.09473060982830077,0.09632751354605659,0.09099181073703366,0.0
OTU_171,0.0,0.0,0.0,0.0,0.0,0.0,0.0,0.0,0.0,0.0,0.01712035610340695,0.0,0.0,0.0,0.011386927806877705,0.0,0.0,0.0,0.0,0.0,0.0,0.0
OTU_61,0.0,0.0,0.0,0.0,0.0,1.8365743468866627,0.9934577174703174,0.0,0.0,0.0,0.0,0.0,0.0,0.0,0.0,0.7588075880758808,0.0,0.0,0.3315571343990527,0.0,0.5589496945274925,0.0
OTU_81,0.0,0.0,0.0,0.0,0.5614035087719298,0.28481634256531135,0.2180760843227526,0.0,0.0,0.0,0.0,0.0,0.0,0.0,0.18219084491004328,0.02710027100271003,0.0,0.0,0.09473060982830077,0.024081878386514148,0.0,0.0554139421478444
OTU_236,0.0,0.0,0.0,0.0,0.0,0.0,0.0,0.0,0.0,0.0,0.01712035610340695,0.0,0.0,0.0,0.0,0.0,0.0,0.0,0.0,0.0,0.0,0.0
OTU_153,0.0,0.0,0.0,0.01808808899339785,0.0,0.0,0.0,0.0,0.0,0.0,0.4793699708953946,0.210896309314587,0.46345060037918684,0.0,0.0,0.0,0.0,0.0,0.0,0.0,0.0,0.0
OTU_122,0.0,0.0,0.0,0.04522022248349462,0.0,0.0,0.0,0.0,0.0,0.02312673450508788,0.0,0.0,0.0,0.0,0.0,0.0,0.0,0.0,0.0,0.0,0.0,0.0
OTU_212,0.0,0.0,0.0,0.0,0.0,0.0,0.0,0.0,0.0,0.0,0.11984249272384866,0.01757469244288225,0.10532968190436065,0.0,0.11386927806877704,0.013550135501355014,0.0,0.0,0.2605091770278271,0.30102347983142685,0.06499415052645262,0.01108278842956888
OTU_230,0.0,0.0,0.0,0.009044044496698924,0.0,0.0,0.0,0.0,0.0,0.0,0.0,0.0,0.0,0.0,0.0,0.0,0.0,0.0,0.0,0.0,0.0,0.0
OTU_312,0.0,0.0,0.0,0.0,0.06315789473684211,0.0,0.0,0.0,0.0,0.0,0.0,0.0,0.0,0.0,0.0,0.0,0.0,0.0,0.0,0.0,0.0,0.0
OTU_43,0.0,0.0,0.0,0.0,0.0,0.0,0.0,0.0,0.0,0.0,0.0342407122068139,0.0,0.02106593638087213,0.0,0.0,0.0,2.3175131834582294,0.011844131232974061,0.0,0.012040939193257074,0.19498245157935787,0.01108278842956888
OTU_140,0.0,0.0,0.0,0.0,0.0,0.019642506383814574,0.0121153380179307,0.0,0.0,0.0,0.0,0.0,0.0,0.0,0.011386927806877705,0.04065040650406504,0.0,0.0,0.3197158081705151,0.1444912703190849,0.3249707526322631,0.06649673057741327
OTU_192,0.0,0.0,0.0,0.0,0.0,0.0,0.0,0.0,0.0,0.0,0.0,0.0,0.0,0.0,0.0,0.0,0.0,0.0,0.0,0.0,0.0,0.0
OTU_207,0.0,0.0,0.0,0.0,0.0,0.0,0.0,0.0,0.008499065102838687,0.01156336725254394,0.0,0.0,0.0,0.0,0.11386927806877704,0.12195121951219512,0.0,0.0,0.27235050325636473,0.20469596628537026,0.3119719225269726,0.6760500942037017
OTU_53,0.0,0.0,0.0,0.0,0.0,0.0,0.0,0.0,0.0,0.0,0.4964903269988016,1.2126537785588751,0.33705498209395407,0.0,0.36438168982008656,0.6639566395663956,5.023591451568137,9.65296695487386,0.8880994671403197,0.8428657435279951,0.7539321461068503,0.5319738446193062
OTU_932,0.0,0.0,0.0,0.0,0.0,0.0,0.0,0.0,0.0,0.0,0.0,0.0,0.0,0.0,0.0,0.0,0.0,0.0,0.0,0.0,0.0,0.0
OTU_184,0.0,0.0,0.0,0.0,0.007017543859649123,0.06874877234335101,0.1574993942330991,0.0,0.0,0.01156336725254394,0.0342407122068139,0.01757469244288225,0.0,0.0,0.07970849464814393,0.08130081300813008,0.0,0.0,0.05920663114268798,0.060204695966285374,0.09099181073703366,0.0554139421478444
OTU_154,0.0,0.0,0.0,0.02713213349009677,0.0,0.0,0.0,0.0,0.0,0.0,0.0,0.0,0.0,0.0,0.0,0.0,0.0,0.0,0.0,0.0,0.0,0.0
OTU_158,0.0,0.008996041741633681,0.0,0.0,0.0,0.3732076212924769,0.2544220983765447,0.0,0.0,0.02312673450508788,0.01712035610340695,0.0,0.02106593638087213,0.0,0.0,0.0,0.0,0.0,0.0,0.0,0.0,0.0
OTU_163,0.0,0.0,0.0,0.0,0.0,0.0,0.0,0.0,0.0,0.0,0.0,0.0,0.0,0.0,0.0,0.0,0.0,0.0,0.0,0.0,0.0,0.0
OTU_186,0.0,0.0,0.0,0.009044044496698924,0.028070175438596492,0.0785700255352583,0.0242306760358614,0.0,0.0,0.01156336725254394,0.0,0.0,0.0,0.0,0.10248235026189934,0.05420054200542006,0.7216208714959755,1.350230960559043,0.07104795737122557,0.024081878386514148,0.025997660210581048,0.06649673057741327
OTU_223,0.0,0.0,0.0,0.0,0.0,0.0,0.0,0.0,0.0,0.0,0.0,0.0,0.0,0.0,0.0,0.0,0.0,0.0,0.0,0.0,0.0,0.0
OTU_106,0.0,0.0,0.0,0.0361761779867957,0.0,0.0,0.0,0.0,0.0,0.0,0.3766478342749529,0.1757469244288225,0.5477143459026754,0.0,0.0,0.0,0.0,0.0,0.0,0.0,0.0,0.0
OTU_485,0.0,0.0,0.0,0.0,0.0,0.0,0.0,0.0,0.0,0.0,0.0,0.0,0.0,0.0,0.0,0.0,0.0,0.0,0.0,0.0,0.0,0.0
OTU_129,0.0,0.0,0.0,0.0,0.0,0.0,0.0,0.0,0.0,0.0,0.08560178051703475,0.070298769771529,0.10532968190436065,0.0,0.0,0.0,0.0,0.0,0.0,0.0,0.0,0.0
OTU_98,0.0,0.0,0.0,0.0,0.0,0.0,0.0,0.0,0.0,0.02312673450508788,0.08560178051703475,0.210896309314587,0.16852749104697703,0.0,0.02277385561375541,0.0,0.0,0.0,0.023682652457075192,0.0,0.012998830105290524,0.02216557685913776
OTU_95,0.0,0.0,0.0,0.0,0.0,0.0,0.0,0.0,0.0,0.0,0.0,0.0,0.0,0.0,0.0,0.0,0.0,0.0,0.0,0.0,0.0,0.0
OTU_93,0.0,0.0,0.0,0.0,0.0,0.0,0.121153380179307,0.0,0.025497195308516064,0.0,0.0,0.0,0.0,0.0,0.0,0.0,0.055509297807382736,0.0,0.0,0.0,0.012998830105290524,0.0
OTU_142,0.0,0.0,0.0,0.0,0.0,0.0,0.0,0.0,0.0,0.0,0.0,0.0,0.0,0.0,0.0,0.0,0.0,0.0,0.0,0.0,0.0,0.0
OTU_164,0.0,0.0,0.0,0.0,0.0,0.0,0.0,0.0,0.0,0.0,0.0,0.0,0.0,0.0,0.0,0.0,0.0,0.0,0.0,0.0,0.0,0.0
OTU_820,0.0,0.0,0.0,0.0,0.0,0.0,0.0,0.0,0.0,0.0,0.0,0.0,0.0,0.0,0.0,0.0,0.0,0.0,0.0,0.0,0.0,0.0
OTU_112,0.0,0.008996041741633681,0.0,0.09044044496698923,0.0,0.0,0.0,0.0,0.0,0.32377428307123035,0.32528676596473205,1.0017574692442883,0.5055824731409311,0.0,0.5124117513094967,0.3523035230352303,0.0,0.0,0.5210183540556542,0.3973509933774834,0.5329520343169115,0.39898038346447967
OTU_183,0.0,0.0,0.0,0.0,0.0,0.0,0.0,0.0,0.0,0.0,0.0,0.0,0.0,0.0,0.0,0.0,0.0,0.0,0.0,0.0,0.0,0.0
OTU_84,0.0,0.0,0.0,0.10852853396038709,0.0,0.0,0.0,0.0,0.0,0.01156336725254394,0.0,0.08787346221441125,0.0,0.0,0.0,0.0,0.0,0.0,0.0,0.0,0.0,0.0
OTU_613,0.0,0.0,0.0,0.0,0.0,0.0,0.0,0.0,0.0,0.0,0.0,0.0,0.0,0.0,0.02277385561375541,0.0,0.0,0.0,0.0,0.024081878386514148,0.012998830105290524,0.06649673057741327
OTU_306,0.0,0.0,0.0,0.0,0.23157894736842105,0.019642506383814574,0.0121153380179307,0.0,0.0,0.0,0.0,0.0,0.0,0.0,0.0,0.0,0.0,0.0,0.0,0.0,0.0,0.0
OTU_189,0.0,0.0,0.0,0.0,0.014035087719298246,0.02946375957572186,0.0242306760358614,0.0,0.0,0.0,0.0,0.0,0.0,0.0,0.05693463903438852,0.0,0.0,0.0,0.035523978685612786,0.012040939193257074,0.038996490315871574,0.02216557685913776
OTU_185,0.0,0.0,0.0,0.0,0.0,0.0,0.0,0.0,0.0,0.0,0.0,0.0,0.0,0.0,0.02277385561375541,0.013550135501355014,0.0,0.0,0.08288928359976318,0.036122817579771226,0.025997660210581048,0.0
OTU_138,0.0,0.0,0.0,0.0,0.0,0.0,0.0,0.0,0.0,0.0,0.0,0.0,0.0,0.0,0.0,0.0,0.0,0.0,0.0,0.0,0.0,0.0
OTU_231,0.0,0.0,0.0,0.0,0.0,0.0,0.0,0.0,0.0,0.0,0.0,0.0,0.0,0.0,0.0,0.0,0.0,0.0,0.0,0.0,0.0,0.0
OTU_428,0.0,0.0,0.0,0.0,0.0,0.0,0.0,0.0,0.0,0.0,0.0,0.0,0.0,0.0,0.04554771122751082,0.05420054200542006,0.0,0.0,0.047365304914150384,0.060204695966285374,0.06499415052645262,0.02216557685913776
OTU_76,0.0,0.0,0.0,0.0,0.0,0.0,0.0,0.0,0.0,0.0,0.0,0.0,0.0,0.0,0.0,0.0,3.996669442131557,10.257017647755537,0.0,0.0,0.0,0.0
OTU_127,0.0,0.0,0.0,0.5155105363118386,0.0,0.0,0.0,0.0,0.0,1.0753931544865865,0.05136106831022085,0.36906854130052724,0.0,0.0,0.06832156684126622,0.0,0.013877324451845684,0.011844131232974061,0.011841326228537596,0.0,0.025997660210581048,0.02216557685913776
OTU_205,0.0,0.0,0.0,0.0,0.0,0.0,0.0,0.0,0.0,0.0,0.0,0.0,0.0,0.0,0.0,0.0,12.336941437690813,0.023688262465948122,0.0,0.0,0.0,0.0
OTU_197,0.0,0.0,0.0,0.0,0.0,0.0,0.0,0.0,0.0,0.0,0.0,0.0,0.0,0.0,0.07970849464814393,0.05420054200542006,0.527338329170136,0.580362430415729,0.0,0.036122817579771226,0.025997660210581048,0.03324836528870664
OTU_1130,0.0,0.0,0.0,0.5245545808085376,0.0,0.0,0.0,0.0,0.0,0.4162812210915819,0.08560178051703475,0.6502636203866432,0.0,0.0,0.0,0.0,0.0,0.0,0.0,0.0,0.012998830105290524,0.0
OTU_266,0.0,0.0,0.0,0.0,0.0,0.0,0.0,0.0,0.0,0.0,0.0,0.0,0.0,0.009914733293674401,0.0,0.0,0.0,0.0,0.0,0.0,0.0,0.0
OTU_59,0.0,0.0,0.0,0.0,0.0,0.0,0.0484613520717228,0.0,0.0,0.0,0.0,0.0,0.0,0.0,0.0,0.0,0.0,0.0,0.0,0.0,0.0,0.0
OTU_143,0.0,0.0,0.0,0.0,0.0,0.0,0.0,0.0,0.0,0.0,0.0,0.0,0.0,0.0,0.0,0.0,0.0,0.0,0.0,0.0,0.0,0.0
OTU_464,0.0,0.0,0.0,0.0,0.0,0.0,0.0,0.0,0.0,0.01156336725254394,0.25680534155110424,0.5096660808435852,0.2738571729513377,0.0,0.0,0.0,0.0,0.0,0.0,0.0,0.0,0.0
OTU_265,0.0,0.0,0.0,0.009044044496698924,0.0,0.0,0.0,0.0,0.0,0.0,0.0,0.0,0.0,0.0,0.0,0.0,0.0,0.0,0.0,0.0,0.0,0.0
OTU_96,0.0,0.008996041741633681,0.0,0.04522022248349462,0.0,0.0,0.0,0.0,0.008499065102838687,0.01156336725254394,0.01712035610340695,0.01757469244288225,0.0,0.0,0.8426326577089501,0.5284552845528455,0.0,0.0,1.0538780343398462,1.0355207706201084,0.8969192772650462,0.7425468247811149
OTU_219,0.0,0.0,0.0,0.0,0.0,0.0,0.0,0.0,0.0,0.0,0.0,0.0,0.0,0.0,0.0,0.0,0.8603941160144324,0.0,0.0,0.0,0.0,0.0
OTU_249,0.0,0.0,0.0,0.0,0.0,0.0,0.0,0.0,0.0,0.0,0.0,0.0,0.0,0.0,0.0,0.0,2.1787399389397724,0.0,0.0,0.0,0.0,0.0
OTU_161,0.0,0.0,0.0,0.0,0.0,0.0,0.0,0.0,0.0,0.0,0.0,0.0,0.0,0.0,0.0,0.0,0.0,0.0,0.0,0.0,0.0,0.0
OTU_367,0.0,0.0,0.0,0.0,0.0,0.0,0.0,0.0,0.0,0.0,0.0,0.0,0.0,0.0,0.0,0.0,0.0,0.0,0.0,0.0,0.0,0.0
OTU_618,0.0,0.0,0.0,0.0,0.0,0.0,0.0,0.0,0.0,0.0,0.0,0.0,0.0,0.0,0.0,0.0,0.0,0.0,0.0,0.0,0.0,0.0
OTU_509,0.0,0.0,0.0,0.02713213349009677,0.0,0.0,0.0,0.0,0.0,0.01156336725254394,0.0342407122068139,0.0,0.0,0.0,0.0,0.0,0.0,0.0,0.0,0.0,0.0,0.0
OTU_240,0.0,0.0,0.0,0.0,0.0,0.0,0.0,0.0,0.0,0.0,0.0,0.0,0.0,0.0,0.0,0.0,0.0,0.0,0.0,0.0,0.0,0.0
OTU_311,0.0,0.0,0.0,0.0,0.0,0.0,0.0,0.0,0.0,0.0,0.0,0.0,0.0,0.0,0.0,0.0,0.0,0.0,0.0,0.0,0.0,0.0
OTU_1141,0.0,0.0,0.0,0.0,0.0,0.0,0.0,0.0,0.0,0.0,0.0,0.0,0.0,0.0,0.0,0.013550135501355014,6.952539550374688,0.011844131232974061,0.0,0.0,0.0,0.0
OTU_173,0.0,0.0,0.0,0.0,0.0,0.0,0.0,0.0,0.0,0.0,0.0,0.0,0.0,0.0,0.011386927806877705,0.0,7.729669719678046,0.023688262465948122,0.0,0.0,0.0,0.0
OTU_202,0.0,0.0,0.0,0.0,0.0,0.0,0.0,0.0,0.0,0.0,0.0,0.0,0.0,0.0,0.0,0.0,5.231751318345823,0.0,0.0,0.0,0.0,0.0
OTU_227,0.0,0.0,0.0,0.0,0.0,0.0,0.0,0.0,0.0,0.0,0.0,0.0,0.0,0.0,0.0,0.0,3.1085206772134333,0.011844131232974061,0.0,0.0,0.0,0.0
OTU_238,0.0,0.0,0.0,0.0,0.0,0.0,0.0,0.0,0.0,0.0,0.0,0.0,0.0,0.0,0.0,0.0,0.0,0.0,0.0,0.0,0.0,0.0
OTU_298,0.0,0.0,0.0,0.0,0.0,0.0,0.0,0.0,0.0,0.0,0.0,0.0,0.0,0.0,0.0,0.0,0.0,0.0,0.0,0.0,0.0,0.0
